[     788ms] [INFO] %cDownload the React DevTools for a better development experience: https://reactjs.org/link/react-devtools font-weight:bold @ webpack-internal:///(app-pages-browser)/./node_modules/next/dist/compiled/react-dom/cjs/react-dom.development.js:38559
[    5954ms] [WARNING] The width(-1) and height(-1) of chart should be greater than 0,
       please check the style of container, or the props width(100%) and height(100%),
       or add a minWidth(0) or minHeight(undefined) or use aspect(undefined) to control the
       height and width. @ webpack-internal:///(app-pages-browser)/./node_modules/recharts/es6/util/LogUtils.js:18
[    5954ms] [WARNING] The width(-1) and height(-1) of chart should be greater than 0,
       please check the style of container, or the props width(100%) and height(100%),
       or add a minWidth(0) or minHeight(undefined) or use aspect(undefined) to control the
       height and width. @ webpack-internal:///(app-pages-browser)/./node_modules/recharts/es6/util/LogUtils.js:18
[    5954ms] [WARNING] The width(-1) and height(-1) of chart should be greater than 0,
       please check the style of container, or the props width(100%) and height(100%),
       or add a minWidth(0) or minHeight(undefined) or use aspect(undefined) to control the
       height and width. @ webpack-internal:///(app-pages-browser)/./node_modules/recharts/es6/util/LogUtils.js:18
[    5954ms] [WARNING] The width(-1) and height(-1) of chart should be greater than 0,
       please check the style of container, or the props width(100%) and height(100%),
       or add a minWidth(0) or minHeight(undefined) or use aspect(undefined) to control the
       height and width. @ webpack-internal:///(app-pages-browser)/./node_modules/recharts/es6/util/LogUtils.js:18
[   13947ms] [ERROR] Failed to load resource: the server responded with a status of 500 (Internal Server Error) @ http://localhost:3000/api/dashboard/summary?from_date=today&to_date=today&market_id=00000000-0000-0000-0000-000000000001:0
[   47630ms] [LOG] [Fast Refresh] rebuilding @ webpack-internal:///(app-pages-browser)/./node_modules/next/dist/client/components/react-dev-overlay/app/hot-reloader-client.js:186
[   48063ms] [LOG] [Fast Refresh] done in 433ms @ webpack-internal:///(app-pages-browser)/./node_modules/next/dist/client/components/react-dev-overlay/app/hot-reloader-client.js:43
[  269838ms] [INFO] %cDownload the React DevTools for a better development experience: https://reactjs.org/link/react-devtools font-weight:bold @ webpack-internal:///(app-pages-browser)/./node_modules/next/dist/compiled/react-dom/cjs/react-dom.development.js:38559
[  274634ms] [WARNING] The width(-1) and height(-1) of chart should be greater than 0,
       please check the style of container, or the props width(100%) and height(100%),
       or add a minWidth(0) or minHeight(undefined) or use aspect(undefined) to control the
       height and width. @ webpack-internal:///(app-pages-browser)/./node_modules/recharts/es6/util/LogUtils.js:18
[  274634ms] [WARNING] The width(-1) and height(-1) of chart should be greater than 0,
       please check the style of container, or the props width(100%) and height(100%),
       or add a minWidth(0) or minHeight(undefined) or use aspect(undefined) to control the
       height and width. @ webpack-internal:///(app-pages-browser)/./node_modules/recharts/es6/util/LogUtils.js:18
[  274634ms] [WARNING] The width(-1) and height(-1) of chart should be greater than 0,
       please check the style of container, or the props width(100%) and height(100%),
       or add a minWidth(0) or minHeight(undefined) or use aspect(undefined) to control the
       height and width. @ webpack-internal:///(app-pages-browser)/./node_modules/recharts/es6/util/LogUtils.js:18
[  274634ms] [WARNING] The width(-1) and height(-1) of chart should be greater than 0,
       please check the style of container, or the props width(100%) and height(100%),
       or add a minWidth(0) or minHeight(undefined) or use aspect(undefined) to control the
       height and width. @ webpack-internal:///(app-pages-browser)/./node_modules/recharts/es6/util/LogUtils.js:18
[  285936ms] [ERROR] IntlError: MISSING_MESSAGE: Could not resolve `dashboard.filters.lastUpdated` in messages for locale `fr`.
    at getFallbackFromErrorAndNotify (webpack-internal:///(app-pages-browser)/./node_modules/use-intl/dist/development/createFormatter-QqAaZwGD.js:159:19)
    at translateBaseFn (webpack-internal:///(app-pages-browser)/./node_modules/use-intl/dist/development/createFormatter-QqAaZwGD.js:184:14)
    at translateFn (webpack-internal:///(app-pages-browser)/./node_modules/use-intl/dist/development/createFormatter-QqAaZwGD.js:258:20)
    at ProfitabilityClient (webpack-internal:///(app-pages-browser)/./src/app/[locale]/(dashboard)/dashboard/pnl/ProfitabilityClient.tsx:175:38)
    at renderWithHooks (webpack-internal:///(app-pages-browser)/./node_modules/next/dist/compiled/react-dom/cjs/react-dom.development.js:11121:18)
    at updateFunctionComponent (webpack-internal:///(app-pages-browser)/./node_modules/next/dist/compiled/react-dom/cjs/react-dom.development.js:16290:20)
    at mountLazyComponent (webpack-internal:///(app-pages-browser)/./node_modules/next/dist/compiled/react-dom/cjs/react-dom.development.js:16765:17)
    at beginWork$1 (webpack-internal:///(app-pages-browser)/./node_modules/next/dist/compiled/react-dom/cjs/react-dom.development.js:18464:16)
    at beginWork (webpack-internal:///(app-pages-browser)/./node_modules/next/dist/compiled/react-dom/cjs/react-dom.development.js:26927:14)
    at performUnitOfWork (webpack-internal:///(app-pages-browser)/./node_modules/next/dist/compiled/react-dom/cjs/react-dom.development.js:25748:12)
    at workLoopConcurrent (webpack-internal:///(app-pages-browser)/./node_modules/next/dist/compiled/react-dom/cjs/react-dom.development.js:25734:5)
    at renderRootConcurrent (webpack-internal:///(app-pages-browser)/./node_modules/next/dist/compiled/react-dom/cjs/react-dom.development.js:25690:9)
    at performConcurrentWorkOnRoot (webpack-internal:///(app-pages-browser)/./node_modules/next/dist/compiled/react-dom/cjs/react-dom.development.js:24504:38)
    at workLoop (webpack-internal:///(app-pages-browser)/./node_modules/next/dist/compiled/scheduler/cjs/scheduler.development.js:256:34)
    at flushWork (webpack-internal:///(app-pages-browser)/./node_modules/next/dist/compiled/scheduler/cjs/scheduler.development.js:225:14)
    at MessagePort.performWorkUntilDeadline (webpack-internal:///(app-pages-browser)/./node_modules/next/dist/compiled/scheduler/cjs/scheduler.development.js:534:21) @ webpack-internal:///(app-pages-browser)/./node_modules/next/dist/client/app-index.js:32
[  285937ms] [ERROR] IntlError: MISSING_MESSAGE: Could not resolve `dashboard.filters.lastUpdated` in messages for locale `fr`.
    at getFallbackFromErrorAndNotify (webpack-internal:///(app-pages-browser)/./node_modules/use-intl/dist/development/createFormatter-QqAaZwGD.js:159:19)
    at translateBaseFn (webpack-internal:///(app-pages-browser)/./node_modules/use-intl/dist/development/createFormatter-QqAaZwGD.js:184:14)
    at translateFn (webpack-internal:///(app-pages-browser)/./node_modules/use-intl/dist/development/createFormatter-QqAaZwGD.js:258:20)
    at ProfitabilityClient (webpack-internal:///(app-pages-browser)/./src/app/[locale]/(dashboard)/dashboard/pnl/ProfitabilityClient.tsx:175:38)
    at renderWithHooksAgain (webpack-internal:///(app-pages-browser)/./node_modules/next/dist/compiled/react-dom/cjs/react-dom.development.js:11272:16)
    at renderWithHooks (webpack-internal:///(app-pages-browser)/./node_modules/next/dist/compiled/react-dom/cjs/react-dom.development.js:11135:18)
    at updateFunctionComponent (webpack-internal:///(app-pages-browser)/./node_modules/next/dist/compiled/react-dom/cjs/react-dom.development.js:16290:20)
    at mountLazyComponent (webpack-internal:///(app-pages-browser)/./node_modules/next/dist/compiled/react-dom/cjs/react-dom.development.js:16765:17)
    at beginWork$1 (webpack-internal:///(app-pages-browser)/./node_modules/next/dist/compiled/react-dom/cjs/react-dom.development.js:18464:16)
    at beginWork (webpack-internal:///(app-pages-browser)/./node_modules/next/dist/compiled/react-dom/cjs/react-dom.development.js:26927:14)
    at performUnitOfWork (webpack-internal:///(app-pages-browser)/./node_modules/next/dist/compiled/react-dom/cjs/react-dom.development.js:25748:12)
    at workLoopConcurrent (webpack-internal:///(app-pages-browser)/./node_modules/next/dist/compiled/react-dom/cjs/react-dom.development.js:25734:5)
    at renderRootConcurrent (webpack-internal:///(app-pages-browser)/./node_modules/next/dist/compiled/react-dom/cjs/react-dom.development.js:25690:9)
    at performConcurrentWorkOnRoot (webpack-internal:///(app-pages-browser)/./node_modules/next/dist/compiled/react-dom/cjs/react-dom.development.js:24504:38)
    at workLoop (webpack-internal:///(app-pages-browser)/./node_modules/next/dist/compiled/scheduler/cjs/scheduler.development.js:256:34)
    at flushWork (webpack-internal:///(app-pages-browser)/./node_modules/next/dist/compiled/scheduler/cjs/scheduler.development.js:225:14)
    at MessagePort.performWorkUntilDeadline (webpack-internal:///(app-pages-browser)/./node_modules/next/dist/compiled/scheduler/cjs/scheduler.development.js:534:21) @ webpack-internal:///(app-pages-browser)/./node_modules/next/dist/client/app-index.js:32
[  286313ms] [LOG] [Fast Refresh] rebuilding @ webpack-internal:///(app-pages-browser)/./node_modules/next/dist/client/components/react-dev-overlay/app/hot-reloader-client.js:186
[  286763ms] [LOG] [Fast Refresh] done in 450ms @ webpack-internal:///(app-pages-browser)/./node_modules/next/dist/client/components/react-dev-overlay/app/hot-reloader-client.js:43
[  293492ms] [ERROR] IntlError: MISSING_MESSAGE: Could not resolve `dashboard.filters.lastUpdated` in messages for locale `fr`.
    at getFallbackFromErrorAndNotify (webpack-internal:///(app-pages-browser)/./node_modules/use-intl/dist/development/createFormatter-QqAaZwGD.js:159:19)
    at translateBaseFn (webpack-internal:///(app-pages-browser)/./node_modules/use-intl/dist/development/createFormatter-QqAaZwGD.js:184:14)
    at translateFn (webpack-internal:///(app-pages-browser)/./node_modules/use-intl/dist/development/createFormatter-QqAaZwGD.js:258:20)
    at ProfitabilityClient (webpack-internal:///(app-pages-browser)/./src/app/[locale]/(dashboard)/dashboard/pnl/ProfitabilityClient.tsx:175:38)
    at renderWithHooks (webpack-internal:///(app-pages-browser)/./node_modules/next/dist/compiled/react-dom/cjs/react-dom.development.js:11121:18)
    at updateFunctionComponent (webpack-internal:///(app-pages-browser)/./node_modules/next/dist/compiled/react-dom/cjs/react-dom.development.js:16290:20)
    at beginWork$1 (webpack-internal:///(app-pages-browser)/./node_modules/next/dist/compiled/react-dom/cjs/react-dom.development.js:18472:16)
    at beginWork (webpack-internal:///(app-pages-browser)/./node_modules/next/dist/compiled/react-dom/cjs/react-dom.development.js:26927:14)
    at performUnitOfWork (webpack-internal:///(app-pages-browser)/./node_modules/next/dist/compiled/react-dom/cjs/react-dom.development.js:25748:12)
    at workLoopSync (webpack-internal:///(app-pages-browser)/./node_modules/next/dist/compiled/react-dom/cjs/react-dom.development.js:25464:5)
    at renderRootSync (webpack-internal:///(app-pages-browser)/./node_modules/next/dist/compiled/react-dom/cjs/react-dom.development.js:25419:7)
    at performSyncWorkOnRoot (webpack-internal:///(app-pages-browser)/./node_modules/next/dist/compiled/react-dom/cjs/react-dom.development.js:24887:20)
    at flushSyncWorkAcrossRoots_impl (webpack-internal:///(app-pages-browser)/./node_modules/next/dist/compiled/react-dom/cjs/react-dom.development.js:7758:13)
    at flushSyncWorkOnAllRoots (webpack-internal:///(app-pages-browser)/./node_modules/next/dist/compiled/react-dom/cjs/react-dom.development.js:7718:3)
    at processRootScheduleInMicrotask (webpack-internal:///(app-pages-browser)/./node_modules/next/dist/compiled/react-dom/cjs/react-dom.development.js:7863:3)
    at eval (webpack-internal:///(app-pages-browser)/./node_modules/next/dist/compiled/react-dom/cjs/react-dom.development.js:8034:7) @ webpack-internal:///(app-pages-browser)/./node_modules/next/dist/client/app-index.js:32
[  293493ms] [ERROR] IntlError: MISSING_MESSAGE: Could not resolve `dashboard.filters.lastUpdated` in messages for locale `fr`.
    at getFallbackFromErrorAndNotify (webpack-internal:///(app-pages-browser)/./node_modules/use-intl/dist/development/createFormatter-QqAaZwGD.js:159:19)
    at translateBaseFn (webpack-internal:///(app-pages-browser)/./node_modules/use-intl/dist/development/createFormatter-QqAaZwGD.js:184:14)
    at translateFn (webpack-internal:///(app-pages-browser)/./node_modules/use-intl/dist/development/createFormatter-QqAaZwGD.js:258:20)
    at ProfitabilityClient (webpack-internal:///(app-pages-browser)/./src/app/[locale]/(dashboard)/dashboard/pnl/ProfitabilityClient.tsx:175:38)
    at renderWithHooksAgain (webpack-internal:///(app-pages-browser)/./node_modules/next/dist/compiled/react-dom/cjs/react-dom.development.js:11272:16)
    at renderWithHooks (webpack-internal:///(app-pages-browser)/./node_modules/next/dist/compiled/react-dom/cjs/react-dom.development.js:11135:18)
    at updateFunctionComponent (webpack-internal:///(app-pages-browser)/./node_modules/next/dist/compiled/react-dom/cjs/react-dom.development.js:16290:20)
    at beginWork$1 (webpack-internal:///(app-pages-browser)/./node_modules/next/dist/compiled/react-dom/cjs/react-dom.development.js:18472:16)
    at beginWork (webpack-internal:///(app-pages-browser)/./node_modules/next/dist/compiled/react-dom/cjs/react-dom.development.js:26927:14)
    at performUnitOfWork (webpack-internal:///(app-pages-browser)/./node_modules/next/dist/compiled/react-dom/cjs/react-dom.development.js:25748:12)
    at workLoopSync (webpack-internal:///(app-pages-browser)/./node_modules/next/dist/compiled/react-dom/cjs/react-dom.development.js:25464:5)
    at renderRootSync (webpack-internal:///(app-pages-browser)/./node_modules/next/dist/compiled/react-dom/cjs/react-dom.development.js:25419:7)
    at performSyncWorkOnRoot (webpack-internal:///(app-pages-browser)/./node_modules/next/dist/compiled/react-dom/cjs/react-dom.development.js:24887:20)
    at flushSyncWorkAcrossRoots_impl (webpack-internal:///(app-pages-browser)/./node_modules/next/dist/compiled/react-dom/cjs/react-dom.development.js:7758:13)
    at flushSyncWorkOnAllRoots (webpack-internal:///(app-pages-browser)/./node_modules/next/dist/compiled/react-dom/cjs/react-dom.development.js:7718:3)
    at processRootScheduleInMicrotask (webpack-internal:///(app-pages-browser)/./node_modules/next/dist/compiled/react-dom/cjs/react-dom.development.js:7863:3)
    at eval (webpack-internal:///(app-pages-browser)/./node_modules/next/dist/compiled/react-dom/cjs/react-dom.development.js:8034:7) @ webpack-internal:///(app-pages-browser)/./node_modules/next/dist/client/app-index.js:32
[  297041ms] [ERROR] IntlError: MISSING_MESSAGE: Could not resolve `dashboard.filters.lastUpdated` in messages for locale `fr`.
    at getFallbackFromErrorAndNotify (webpack-internal:///(app-pages-browser)/./node_modules/use-intl/dist/development/createFormatter-QqAaZwGD.js:159:19)
    at translateBaseFn (webpack-internal:///(app-pages-browser)/./node_modules/use-intl/dist/development/createFormatter-QqAaZwGD.js:184:14)
    at translateFn (webpack-internal:///(app-pages-browser)/./node_modules/use-intl/dist/development/createFormatter-QqAaZwGD.js:258:20)
    at ProfitabilityClient (webpack-internal:///(app-pages-browser)/./src/app/[locale]/(dashboard)/dashboard/pnl/ProfitabilityClient.tsx:175:38)
    at renderWithHooks (webpack-internal:///(app-pages-browser)/./node_modules/next/dist/compiled/react-dom/cjs/react-dom.development.js:11121:18)
    at updateFunctionComponent (webpack-internal:///(app-pages-browser)/./node_modules/next/dist/compiled/react-dom/cjs/react-dom.development.js:16290:20)
    at beginWork$1 (webpack-internal:///(app-pages-browser)/./node_modules/next/dist/compiled/react-dom/cjs/react-dom.development.js:18472:16)
    at beginWork (webpack-internal:///(app-pages-browser)/./node_modules/next/dist/compiled/react-dom/cjs/react-dom.development.js:26927:14)
    at performUnitOfWork (webpack-internal:///(app-pages-browser)/./node_modules/next/dist/compiled/react-dom/cjs/react-dom.development.js:25748:12)
    at workLoopSync (webpack-internal:///(app-pages-browser)/./node_modules/next/dist/compiled/react-dom/cjs/react-dom.development.js:25464:5)
    at renderRootSync (webpack-internal:///(app-pages-browser)/./node_modules/next/dist/compiled/react-dom/cjs/react-dom.development.js:25419:7)
    at performSyncWorkOnRoot (webpack-internal:///(app-pages-browser)/./node_modules/next/dist/compiled/react-dom/cjs/react-dom.development.js:24887:20)
    at flushSyncWorkAcrossRoots_impl (webpack-internal:///(app-pages-browser)/./node_modules/next/dist/compiled/react-dom/cjs/react-dom.development.js:7758:13)
    at flushSyncWorkOnAllRoots (webpack-internal:///(app-pages-browser)/./node_modules/next/dist/compiled/react-dom/cjs/react-dom.development.js:7718:3)
    at processRootScheduleInMicrotask (webpack-internal:///(app-pages-browser)/./node_modules/next/dist/compiled/react-dom/cjs/react-dom.development.js:7863:3)
    at eval (webpack-internal:///(app-pages-browser)/./node_modules/next/dist/compiled/react-dom/cjs/react-dom.development.js:8034:7) @ webpack-internal:///(app-pages-browser)/./node_modules/next/dist/client/app-index.js:32
[  297042ms] [ERROR] IntlError: MISSING_MESSAGE: Could not resolve `dashboard.filters.lastUpdated` in messages for locale `fr`.
    at getFallbackFromErrorAndNotify (webpack-internal:///(app-pages-browser)/./node_modules/use-intl/dist/development/createFormatter-QqAaZwGD.js:159:19)
    at translateBaseFn (webpack-internal:///(app-pages-browser)/./node_modules/use-intl/dist/development/createFormatter-QqAaZwGD.js:184:14)
    at translateFn (webpack-internal:///(app-pages-browser)/./node_modules/use-intl/dist/development/createFormatter-QqAaZwGD.js:258:20)
    at ProfitabilityClient (webpack-internal:///(app-pages-browser)/./src/app/[locale]/(dashboard)/dashboard/pnl/ProfitabilityClient.tsx:175:38)
    at renderWithHooksAgain (webpack-internal:///(app-pages-browser)/./node_modules/next/dist/compiled/react-dom/cjs/react-dom.development.js:11272:16)
    at renderWithHooks (webpack-internal:///(app-pages-browser)/./node_modules/next/dist/compiled/react-dom/cjs/react-dom.development.js:11135:18)
    at updateFunctionComponent (webpack-internal:///(app-pages-browser)/./node_modules/next/dist/compiled/react-dom/cjs/react-dom.development.js:16290:20)
    at beginWork$1 (webpack-internal:///(app-pages-browser)/./node_modules/next/dist/compiled/react-dom/cjs/react-dom.development.js:18472:16)
    at beginWork (webpack-internal:///(app-pages-browser)/./node_modules/next/dist/compiled/react-dom/cjs/react-dom.development.js:26927:14)
    at performUnitOfWork (webpack-internal:///(app-pages-browser)/./node_modules/next/dist/compiled/react-dom/cjs/react-dom.development.js:25748:12)
    at workLoopSync (webpack-internal:///(app-pages-browser)/./node_modules/next/dist/compiled/react-dom/cjs/react-dom.development.js:25464:5)
    at renderRootSync (webpack-internal:///(app-pages-browser)/./node_modules/next/dist/compiled/react-dom/cjs/react-dom.development.js:25419:7)
    at performSyncWorkOnRoot (webpack-internal:///(app-pages-browser)/./node_modules/next/dist/compiled/react-dom/cjs/react-dom.development.js:24887:20)
    at flushSyncWorkAcrossRoots_impl (webpack-internal:///(app-pages-browser)/./node_modules/next/dist/compiled/react-dom/cjs/react-dom.development.js:7758:13)
    at flushSyncWorkOnAllRoots (webpack-internal:///(app-pages-browser)/./node_modules/next/dist/compiled/react-dom/cjs/react-dom.development.js:7718:3)
    at processRootScheduleInMicrotask (webpack-internal:///(app-pages-browser)/./node_modules/next/dist/compiled/react-dom/cjs/react-dom.development.js:7863:3)
    at eval (webpack-internal:///(app-pages-browser)/./node_modules/next/dist/compiled/react-dom/cjs/react-dom.development.js:8034:7) @ webpack-internal:///(app-pages-browser)/./node_modules/next/dist/client/app-index.js:32
[  301711ms] [ERROR] IntlError: MISSING_MESSAGE: Could not resolve `dashboard.filters.lastUpdated` in messages for locale `fr`.
    at getFallbackFromErrorAndNotify (webpack-internal:///(app-pages-browser)/./node_modules/use-intl/dist/development/createFormatter-QqAaZwGD.js:159:19)
    at translateBaseFn (webpack-internal:///(app-pages-browser)/./node_modules/use-intl/dist/development/createFormatter-QqAaZwGD.js:184:14)
    at translateFn (webpack-internal:///(app-pages-browser)/./node_modules/use-intl/dist/development/createFormatter-QqAaZwGD.js:258:20)
    at ProfitabilityClient (webpack-internal:///(app-pages-browser)/./src/app/[locale]/(dashboard)/dashboard/pnl/ProfitabilityClient.tsx:175:38)
    at renderWithHooks (webpack-internal:///(app-pages-browser)/./node_modules/next/dist/compiled/react-dom/cjs/react-dom.development.js:11121:18)
    at updateFunctionComponent (webpack-internal:///(app-pages-browser)/./node_modules/next/dist/compiled/react-dom/cjs/react-dom.development.js:16290:20)
    at beginWork$1 (webpack-internal:///(app-pages-browser)/./node_modules/next/dist/compiled/react-dom/cjs/react-dom.development.js:18472:16)
    at beginWork (webpack-internal:///(app-pages-browser)/./node_modules/next/dist/compiled/react-dom/cjs/react-dom.development.js:26927:14)
    at performUnitOfWork (webpack-internal:///(app-pages-browser)/./node_modules/next/dist/compiled/react-dom/cjs/react-dom.development.js:25748:12)
    at workLoopSync (webpack-internal:///(app-pages-browser)/./node_modules/next/dist/compiled/react-dom/cjs/react-dom.development.js:25464:5)
    at renderRootSync (webpack-internal:///(app-pages-browser)/./node_modules/next/dist/compiled/react-dom/cjs/react-dom.development.js:25419:7)
    at performSyncWorkOnRoot (webpack-internal:///(app-pages-browser)/./node_modules/next/dist/compiled/react-dom/cjs/react-dom.development.js:24887:20)
    at flushSyncWorkAcrossRoots_impl (webpack-internal:///(app-pages-browser)/./node_modules/next/dist/compiled/react-dom/cjs/react-dom.development.js:7758:13)
    at flushSyncWorkOnAllRoots (webpack-internal:///(app-pages-browser)/./node_modules/next/dist/compiled/react-dom/cjs/react-dom.development.js:7718:3)
    at flushSync$1 (webpack-internal:///(app-pages-browser)/./node_modules/next/dist/compiled/react-dom/cjs/react-dom.development.js:24999:7)
    at finishEventHandler (webpack-internal:///(app-pages-browser)/./node_modules/next/dist/compiled/react-dom/cjs/react-dom.development.js:28829:5)
    at batchedUpdates (webpack-internal:///(app-pages-browser)/./node_modules/next/dist/compiled/react-dom/cjs/react-dom.development.js:28847:5)
    at dispatchEventForPluginEventSystem (webpack-internal:///(app-pages-browser)/./node_modules/next/dist/compiled/react-dom/cjs/react-dom.development.js:32373:3)
    at dispatchEvent (webpack-internal:///(app-pages-browser)/./node_modules/next/dist/compiled/react-dom/cjs/react-dom.development.js:30141:5)
    at dispatchDiscreteEvent (webpack-internal:///(app-pages-browser)/./node_modules/next/dist/compiled/react-dom/cjs/react-dom.development.js:30112:5) @ webpack-internal:///(app-pages-browser)/./node_modules/next/dist/client/app-index.js:32
[  301713ms] [ERROR] IntlError: MISSING_MESSAGE: Could not resolve `dashboard.filters.lastUpdated` in messages for locale `fr`.
    at getFallbackFromErrorAndNotify (webpack-internal:///(app-pages-browser)/./node_modules/use-intl/dist/development/createFormatter-QqAaZwGD.js:159:19)
    at translateBaseFn (webpack-internal:///(app-pages-browser)/./node_modules/use-intl/dist/development/createFormatter-QqAaZwGD.js:184:14)
    at translateFn (webpack-internal:///(app-pages-browser)/./node_modules/use-intl/dist/development/createFormatter-QqAaZwGD.js:258:20)
    at ProfitabilityClient (webpack-internal:///(app-pages-browser)/./src/app/[locale]/(dashboard)/dashboard/pnl/ProfitabilityClient.tsx:175:38)
    at renderWithHooksAgain (webpack-internal:///(app-pages-browser)/./node_modules/next/dist/compiled/react-dom/cjs/react-dom.development.js:11272:16)
    at renderWithHooks (webpack-internal:///(app-pages-browser)/./node_modules/next/dist/compiled/react-dom/cjs/react-dom.development.js:11135:18)
    at updateFunctionComponent (webpack-internal:///(app-pages-browser)/./node_modules/next/dist/compiled/react-dom/cjs/react-dom.development.js:16290:20)
    at beginWork$1 (webpack-internal:///(app-pages-browser)/./node_modules/next/dist/compiled/react-dom/cjs/react-dom.development.js:18472:16)
    at beginWork (webpack-internal:///(app-pages-browser)/./node_modules/next/dist/compiled/react-dom/cjs/react-dom.development.js:26927:14)
    at performUnitOfWork (webpack-internal:///(app-pages-browser)/./node_modules/next/dist/compiled/react-dom/cjs/react-dom.development.js:25748:12)
    at workLoopSync (webpack-internal:///(app-pages-browser)/./node_modules/next/dist/compiled/react-dom/cjs/react-dom.development.js:25464:5)
    at renderRootSync (webpack-internal:///(app-pages-browser)/./node_modules/next/dist/compiled/react-dom/cjs/react-dom.development.js:25419:7)
    at performSyncWorkOnRoot (webpack-internal:///(app-pages-browser)/./node_modules/next/dist/compiled/react-dom/cjs/react-dom.development.js:24887:20)
    at flushSyncWorkAcrossRoots_impl (webpack-internal:///(app-pages-browser)/./node_modules/next/dist/compiled/react-dom/cjs/react-dom.development.js:7758:13)
    at flushSyncWorkOnAllRoots (webpack-internal:///(app-pages-browser)/./node_modules/next/dist/compiled/react-dom/cjs/react-dom.development.js:7718:3)
    at flushSync$1 (webpack-internal:///(app-pages-browser)/./node_modules/next/dist/compiled/react-dom/cjs/react-dom.development.js:24999:7)
    at finishEventHandler (webpack-internal:///(app-pages-browser)/./node_modules/next/dist/compiled/react-dom/cjs/react-dom.development.js:28829:5)
    at batchedUpdates (webpack-internal:///(app-pages-browser)/./node_modules/next/dist/compiled/react-dom/cjs/react-dom.development.js:28847:5)
    at dispatchEventForPluginEventSystem (webpack-internal:///(app-pages-browser)/./node_modules/next/dist/compiled/react-dom/cjs/react-dom.development.js:32373:3)
    at dispatchEvent (webpack-internal:///(app-pages-browser)/./node_modules/next/dist/compiled/react-dom/cjs/react-dom.development.js:30141:5)
    at dispatchDiscreteEvent (webpack-internal:///(app-pages-browser)/./node_modules/next/dist/compiled/react-dom/cjs/react-dom.development.js:30112:5) @ webpack-internal:///(app-pages-browser)/./node_modules/next/dist/client/app-index.js:32
[  305588ms] [ERROR] IntlError: MISSING_MESSAGE: Could not resolve `dashboard.filters.lastUpdated` in messages for locale `fr`.
    at getFallbackFromErrorAndNotify (webpack-internal:///(app-pages-browser)/./node_modules/use-intl/dist/development/createFormatter-QqAaZwGD.js:159:19)
    at translateBaseFn (webpack-internal:///(app-pages-browser)/./node_modules/use-intl/dist/development/createFormatter-QqAaZwGD.js:184:14)
    at translateFn (webpack-internal:///(app-pages-browser)/./node_modules/use-intl/dist/development/createFormatter-QqAaZwGD.js:258:20)
    at ProfitabilityClient (webpack-internal:///(app-pages-browser)/./src/app/[locale]/(dashboard)/dashboard/pnl/ProfitabilityClient.tsx:175:38)
    at renderWithHooks (webpack-internal:///(app-pages-browser)/./node_modules/next/dist/compiled/react-dom/cjs/react-dom.development.js:11121:18)
    at updateFunctionComponent (webpack-internal:///(app-pages-browser)/./node_modules/next/dist/compiled/react-dom/cjs/react-dom.development.js:16290:20)
    at beginWork$1 (webpack-internal:///(app-pages-browser)/./node_modules/next/dist/compiled/react-dom/cjs/react-dom.development.js:18472:16)
    at beginWork (webpack-internal:///(app-pages-browser)/./node_modules/next/dist/compiled/react-dom/cjs/react-dom.development.js:26927:14)
    at performUnitOfWork (webpack-internal:///(app-pages-browser)/./node_modules/next/dist/compiled/react-dom/cjs/react-dom.development.js:25748:12)
    at workLoopSync (webpack-internal:///(app-pages-browser)/./node_modules/next/dist/compiled/react-dom/cjs/react-dom.development.js:25464:5)
    at renderRootSync (webpack-internal:///(app-pages-browser)/./node_modules/next/dist/compiled/react-dom/cjs/react-dom.development.js:25419:7)
    at performSyncWorkOnRoot (webpack-internal:///(app-pages-browser)/./node_modules/next/dist/compiled/react-dom/cjs/react-dom.development.js:24887:20)
    at flushSyncWorkAcrossRoots_impl (webpack-internal:///(app-pages-browser)/./node_modules/next/dist/compiled/react-dom/cjs/react-dom.development.js:7758:13)
    at flushSyncWorkOnAllRoots (webpack-internal:///(app-pages-browser)/./node_modules/next/dist/compiled/react-dom/cjs/react-dom.development.js:7718:3)
    at processRootScheduleInMicrotask (webpack-internal:///(app-pages-browser)/./node_modules/next/dist/compiled/react-dom/cjs/react-dom.development.js:7863:3)
    at eval (webpack-internal:///(app-pages-browser)/./node_modules/next/dist/compiled/react-dom/cjs/react-dom.development.js:8034:7) @ webpack-internal:///(app-pages-browser)/./node_modules/next/dist/client/app-index.js:32
[  305589ms] [ERROR] IntlError: MISSING_MESSAGE: Could not resolve `dashboard.filters.lastUpdated` in messages for locale `fr`.
    at getFallbackFromErrorAndNotify (webpack-internal:///(app-pages-browser)/./node_modules/use-intl/dist/development/createFormatter-QqAaZwGD.js:159:19)
    at translateBaseFn (webpack-internal:///(app-pages-browser)/./node_modules/use-intl/dist/development/createFormatter-QqAaZwGD.js:184:14)
    at translateFn (webpack-internal:///(app-pages-browser)/./node_modules/use-intl/dist/development/createFormatter-QqAaZwGD.js:258:20)
    at ProfitabilityClient (webpack-internal:///(app-pages-browser)/./src/app/[locale]/(dashboard)/dashboard/pnl/ProfitabilityClient.tsx:175:38)
    at renderWithHooksAgain (webpack-internal:///(app-pages-browser)/./node_modules/next/dist/compiled/react-dom/cjs/react-dom.development.js:11272:16)
    at renderWithHooks (webpack-internal:///(app-pages-browser)/./node_modules/next/dist/compiled/react-dom/cjs/react-dom.development.js:11135:18)
    at updateFunctionComponent (webpack-internal:///(app-pages-browser)/./node_modules/next/dist/compiled/react-dom/cjs/react-dom.development.js:16290:20)
    at beginWork$1 (webpack-internal:///(app-pages-browser)/./node_modules/next/dist/compiled/react-dom/cjs/react-dom.development.js:18472:16)
    at beginWork (webpack-internal:///(app-pages-browser)/./node_modules/next/dist/compiled/react-dom/cjs/react-dom.development.js:26927:14)
    at performUnitOfWork (webpack-internal:///(app-pages-browser)/./node_modules/next/dist/compiled/react-dom/cjs/react-dom.development.js:25748:12)
    at workLoopSync (webpack-internal:///(app-pages-browser)/./node_modules/next/dist/compiled/react-dom/cjs/react-dom.development.js:25464:5)
    at renderRootSync (webpack-internal:///(app-pages-browser)/./node_modules/next/dist/compiled/react-dom/cjs/react-dom.development.js:25419:7)
    at performSyncWorkOnRoot (webpack-internal:///(app-pages-browser)/./node_modules/next/dist/compiled/react-dom/cjs/react-dom.development.js:24887:20)
    at flushSyncWorkAcrossRoots_impl (webpack-internal:///(app-pages-browser)/./node_modules/next/dist/compiled/react-dom/cjs/react-dom.development.js:7758:13)
    at flushSyncWorkOnAllRoots (webpack-internal:///(app-pages-browser)/./node_modules/next/dist/compiled/react-dom/cjs/react-dom.development.js:7718:3)
    at processRootScheduleInMicrotask (webpack-internal:///(app-pages-browser)/./node_modules/next/dist/compiled/react-dom/cjs/react-dom.development.js:7863:3)
    at eval (webpack-internal:///(app-pages-browser)/./node_modules/next/dist/compiled/react-dom/cjs/react-dom.development.js:8034:7) @ webpack-internal:///(app-pages-browser)/./node_modules/next/dist/client/app-index.js:32
[  316779ms] [LOG] [Fast Refresh] rebuilding @ webpack-internal:///(app-pages-browser)/./node_modules/next/dist/client/components/react-dev-overlay/app/hot-reloader-client.js:186
[  316987ms] [LOG] [Fast Refresh] done in 209ms @ webpack-internal:///(app-pages-browser)/./node_modules/next/dist/client/components/react-dev-overlay/app/hot-reloader-client.js:43
[  467106ms] [ERROR] IntlError: MISSING_MESSAGE: Could not resolve `dashboard.filters.lastUpdated` in messages for locale `fr`.
    at getFallbackFromErrorAndNotify (webpack-internal:///(app-pages-browser)/./node_modules/use-intl/dist/development/createFormatter-QqAaZwGD.js:159:19)
    at translateBaseFn (webpack-internal:///(app-pages-browser)/./node_modules/use-intl/dist/development/createFormatter-QqAaZwGD.js:184:14)
    at translateFn (webpack-internal:///(app-pages-browser)/./node_modules/use-intl/dist/development/createFormatter-QqAaZwGD.js:258:20)
    at ProfitabilityClient (webpack-internal:///(app-pages-browser)/./src/app/[locale]/(dashboard)/dashboard/pnl/ProfitabilityClient.tsx:175:38)
    at renderWithHooks (webpack-internal:///(app-pages-browser)/./node_modules/next/dist/compiled/react-dom/cjs/react-dom.development.js:11121:18)
    at updateFunctionComponent (webpack-internal:///(app-pages-browser)/./node_modules/next/dist/compiled/react-dom/cjs/react-dom.development.js:16290:20)
    at mountLazyComponent (webpack-internal:///(app-pages-browser)/./node_modules/next/dist/compiled/react-dom/cjs/react-dom.development.js:16765:17)
    at beginWork$1 (webpack-internal:///(app-pages-browser)/./node_modules/next/dist/compiled/react-dom/cjs/react-dom.development.js:18464:16)
    at beginWork (webpack-internal:///(app-pages-browser)/./node_modules/next/dist/compiled/react-dom/cjs/react-dom.development.js:26927:14)
    at performUnitOfWork (webpack-internal:///(app-pages-browser)/./node_modules/next/dist/compiled/react-dom/cjs/react-dom.development.js:25748:12)
    at workLoopConcurrent (webpack-internal:///(app-pages-browser)/./node_modules/next/dist/compiled/react-dom/cjs/react-dom.development.js:25734:5)
    at renderRootConcurrent (webpack-internal:///(app-pages-browser)/./node_modules/next/dist/compiled/react-dom/cjs/react-dom.development.js:25690:9)
    at performConcurrentWorkOnRoot (webpack-internal:///(app-pages-browser)/./node_modules/next/dist/compiled/react-dom/cjs/react-dom.development.js:24504:38)
    at workLoop (webpack-internal:///(app-pages-browser)/./node_modules/next/dist/compiled/scheduler/cjs/scheduler.development.js:256:34)
    at flushWork (webpack-internal:///(app-pages-browser)/./node_modules/next/dist/compiled/scheduler/cjs/scheduler.development.js:225:14)
    at MessagePort.performWorkUntilDeadline (webpack-internal:///(app-pages-browser)/./node_modules/next/dist/compiled/scheduler/cjs/scheduler.development.js:534:21) @ webpack-internal:///(app-pages-browser)/./node_modules/next/dist/client/app-index.js:32
[  467106ms] [ERROR] IntlError: MISSING_MESSAGE: Could not resolve `dashboard.filters.lastUpdated` in messages for locale `fr`.
    at getFallbackFromErrorAndNotify (webpack-internal:///(app-pages-browser)/./node_modules/use-intl/dist/development/createFormatter-QqAaZwGD.js:159:19)
    at translateBaseFn (webpack-internal:///(app-pages-browser)/./node_modules/use-intl/dist/development/createFormatter-QqAaZwGD.js:184:14)
    at translateFn (webpack-internal:///(app-pages-browser)/./node_modules/use-intl/dist/development/createFormatter-QqAaZwGD.js:258:20)
    at ProfitabilityClient (webpack-internal:///(app-pages-browser)/./src/app/[locale]/(dashboard)/dashboard/pnl/ProfitabilityClient.tsx:175:38)
    at renderWithHooksAgain (webpack-internal:///(app-pages-browser)/./node_modules/next/dist/compiled/react-dom/cjs/react-dom.development.js:11272:16)
    at renderWithHooks (webpack-internal:///(app-pages-browser)/./node_modules/next/dist/compiled/react-dom/cjs/react-dom.development.js:11135:18)
    at updateFunctionComponent (webpack-internal:///(app-pages-browser)/./node_modules/next/dist/compiled/react-dom/cjs/react-dom.development.js:16290:20)
    at mountLazyComponent (webpack-internal:///(app-pages-browser)/./node_modules/next/dist/compiled/react-dom/cjs/react-dom.development.js:16765:17)
    at beginWork$1 (webpack-internal:///(app-pages-browser)/./node_modules/next/dist/compiled/react-dom/cjs/react-dom.development.js:18464:16)
    at beginWork (webpack-internal:///(app-pages-browser)/./node_modules/next/dist/compiled/react-dom/cjs/react-dom.development.js:26927:14)
    at performUnitOfWork (webpack-internal:///(app-pages-browser)/./node_modules/next/dist/compiled/react-dom/cjs/react-dom.development.js:25748:12)
    at workLoopConcurrent (webpack-internal:///(app-pages-browser)/./node_modules/next/dist/compiled/react-dom/cjs/react-dom.development.js:25734:5)
    at renderRootConcurrent (webpack-internal:///(app-pages-browser)/./node_modules/next/dist/compiled/react-dom/cjs/react-dom.development.js:25690:9)
    at performConcurrentWorkOnRoot (webpack-internal:///(app-pages-browser)/./node_modules/next/dist/compiled/react-dom/cjs/react-dom.development.js:24504:38)
    at workLoop (webpack-internal:///(app-pages-browser)/./node_modules/next/dist/compiled/scheduler/cjs/scheduler.development.js:256:34)
    at flushWork (webpack-internal:///(app-pages-browser)/./node_modules/next/dist/compiled/scheduler/cjs/scheduler.development.js:225:14)
    at MessagePort.performWorkUntilDeadline (webpack-internal:///(app-pages-browser)/./node_modules/next/dist/compiled/scheduler/cjs/scheduler.development.js:534:21) @ webpack-internal:///(app-pages-browser)/./node_modules/next/dist/client/app-index.js:32
[  469078ms] [ERROR] IntlError: MISSING_MESSAGE: Could not resolve `dashboard.filters.lastUpdated` in messages for locale `fr`.
    at getFallbackFromErrorAndNotify (webpack-internal:///(app-pages-browser)/./node_modules/use-intl/dist/development/createFormatter-QqAaZwGD.js:159:19)
    at translateBaseFn (webpack-internal:///(app-pages-browser)/./node_modules/use-intl/dist/development/createFormatter-QqAaZwGD.js:184:14)
    at translateFn (webpack-internal:///(app-pages-browser)/./node_modules/use-intl/dist/development/createFormatter-QqAaZwGD.js:258:20)
    at ProfitabilityClient (webpack-internal:///(app-pages-browser)/./src/app/[locale]/(dashboard)/dashboard/pnl/ProfitabilityClient.tsx:175:38)
    at renderWithHooks (webpack-internal:///(app-pages-browser)/./node_modules/next/dist/compiled/react-dom/cjs/react-dom.development.js:11121:18)
    at updateFunctionComponent (webpack-internal:///(app-pages-browser)/./node_modules/next/dist/compiled/react-dom/cjs/react-dom.development.js:16290:20)
    at beginWork$1 (webpack-internal:///(app-pages-browser)/./node_modules/next/dist/compiled/react-dom/cjs/react-dom.development.js:18472:16)
    at beginWork (webpack-internal:///(app-pages-browser)/./node_modules/next/dist/compiled/react-dom/cjs/react-dom.development.js:26927:14)
    at performUnitOfWork (webpack-internal:///(app-pages-browser)/./node_modules/next/dist/compiled/react-dom/cjs/react-dom.development.js:25748:12)
    at workLoopSync (webpack-internal:///(app-pages-browser)/./node_modules/next/dist/compiled/react-dom/cjs/react-dom.development.js:25464:5)
    at renderRootSync (webpack-internal:///(app-pages-browser)/./node_modules/next/dist/compiled/react-dom/cjs/react-dom.development.js:25419:7)
    at performSyncWorkOnRoot (webpack-internal:///(app-pages-browser)/./node_modules/next/dist/compiled/react-dom/cjs/react-dom.development.js:24887:20)
    at flushSyncWorkAcrossRoots_impl (webpack-internal:///(app-pages-browser)/./node_modules/next/dist/compiled/react-dom/cjs/react-dom.development.js:7758:13)
    at flushSyncWorkOnAllRoots (webpack-internal:///(app-pages-browser)/./node_modules/next/dist/compiled/react-dom/cjs/react-dom.development.js:7718:3)
    at processRootScheduleInMicrotask (webpack-internal:///(app-pages-browser)/./node_modules/next/dist/compiled/react-dom/cjs/react-dom.development.js:7863:3)
    at eval (webpack-internal:///(app-pages-browser)/./node_modules/next/dist/compiled/react-dom/cjs/react-dom.development.js:8034:7) @ webpack-internal:///(app-pages-browser)/./node_modules/next/dist/client/app-index.js:32
[  469079ms] [ERROR] IntlError: MISSING_MESSAGE: Could not resolve `dashboard.filters.lastUpdated` in messages for locale `fr`.
    at getFallbackFromErrorAndNotify (webpack-internal:///(app-pages-browser)/./node_modules/use-intl/dist/development/createFormatter-QqAaZwGD.js:159:19)
    at translateBaseFn (webpack-internal:///(app-pages-browser)/./node_modules/use-intl/dist/development/createFormatter-QqAaZwGD.js:184:14)
    at translateFn (webpack-internal:///(app-pages-browser)/./node_modules/use-intl/dist/development/createFormatter-QqAaZwGD.js:258:20)
    at ProfitabilityClient (webpack-internal:///(app-pages-browser)/./src/app/[locale]/(dashboard)/dashboard/pnl/ProfitabilityClient.tsx:175:38)
    at renderWithHooksAgain (webpack-internal:///(app-pages-browser)/./node_modules/next/dist/compiled/react-dom/cjs/react-dom.development.js:11272:16)
    at renderWithHooks (webpack-internal:///(app-pages-browser)/./node_modules/next/dist/compiled/react-dom/cjs/react-dom.development.js:11135:18)
    at updateFunctionComponent (webpack-internal:///(app-pages-browser)/./node_modules/next/dist/compiled/react-dom/cjs/react-dom.development.js:16290:20)
    at beginWork$1 (webpack-internal:///(app-pages-browser)/./node_modules/next/dist/compiled/react-dom/cjs/react-dom.development.js:18472:16)
    at beginWork (webpack-internal:///(app-pages-browser)/./node_modules/next/dist/compiled/react-dom/cjs/react-dom.development.js:26927:14)
    at performUnitOfWork (webpack-internal:///(app-pages-browser)/./node_modules/next/dist/compiled/react-dom/cjs/react-dom.development.js:25748:12)
    at workLoopSync (webpack-internal:///(app-pages-browser)/./node_modules/next/dist/compiled/react-dom/cjs/react-dom.development.js:25464:5)
    at renderRootSync (webpack-internal:///(app-pages-browser)/./node_modules/next/dist/compiled/react-dom/cjs/react-dom.development.js:25419:7)
    at performSyncWorkOnRoot (webpack-internal:///(app-pages-browser)/./node_modules/next/dist/compiled/react-dom/cjs/react-dom.development.js:24887:20)
    at flushSyncWorkAcrossRoots_impl (webpack-internal:///(app-pages-browser)/./node_modules/next/dist/compiled/react-dom/cjs/react-dom.development.js:7758:13)
    at flushSyncWorkOnAllRoots (webpack-internal:///(app-pages-browser)/./node_modules/next/dist/compiled/react-dom/cjs/react-dom.development.js:7718:3)
    at processRootScheduleInMicrotask (webpack-internal:///(app-pages-browser)/./node_modules/next/dist/compiled/react-dom/cjs/react-dom.development.js:7863:3)
    at eval (webpack-internal:///(app-pages-browser)/./node_modules/next/dist/compiled/react-dom/cjs/react-dom.development.js:8034:7) @ webpack-internal:///(app-pages-browser)/./node_modules/next/dist/client/app-index.js:32
[  473036ms] [ERROR] IntlError: MISSING_MESSAGE: Could not resolve `dashboard.filters.lastUpdated` in messages for locale `fr`.
    at getFallbackFromErrorAndNotify (webpack-internal:///(app-pages-browser)/./node_modules/use-intl/dist/development/createFormatter-QqAaZwGD.js:159:19)
    at translateBaseFn (webpack-internal:///(app-pages-browser)/./node_modules/use-intl/dist/development/createFormatter-QqAaZwGD.js:184:14)
    at translateFn (webpack-internal:///(app-pages-browser)/./node_modules/use-intl/dist/development/createFormatter-QqAaZwGD.js:258:20)
    at ProfitabilityClient (webpack-internal:///(app-pages-browser)/./src/app/[locale]/(dashboard)/dashboard/pnl/ProfitabilityClient.tsx:175:38)
    at renderWithHooks (webpack-internal:///(app-pages-browser)/./node_modules/next/dist/compiled/react-dom/cjs/react-dom.development.js:11121:18)
    at updateFunctionComponent (webpack-internal:///(app-pages-browser)/./node_modules/next/dist/compiled/react-dom/cjs/react-dom.development.js:16290:20)
    at beginWork$1 (webpack-internal:///(app-pages-browser)/./node_modules/next/dist/compiled/react-dom/cjs/react-dom.development.js:18472:16)
    at beginWork (webpack-internal:///(app-pages-browser)/./node_modules/next/dist/compiled/react-dom/cjs/react-dom.development.js:26927:14)
    at performUnitOfWork (webpack-internal:///(app-pages-browser)/./node_modules/next/dist/compiled/react-dom/cjs/react-dom.development.js:25748:12)
    at workLoopSync (webpack-internal:///(app-pages-browser)/./node_modules/next/dist/compiled/react-dom/cjs/react-dom.development.js:25464:5)
    at renderRootSync (webpack-internal:///(app-pages-browser)/./node_modules/next/dist/compiled/react-dom/cjs/react-dom.development.js:25419:7)
    at performSyncWorkOnRoot (webpack-internal:///(app-pages-browser)/./node_modules/next/dist/compiled/react-dom/cjs/react-dom.development.js:24887:20)
    at flushSyncWorkAcrossRoots_impl (webpack-internal:///(app-pages-browser)/./node_modules/next/dist/compiled/react-dom/cjs/react-dom.development.js:7758:13)
    at flushSyncWorkOnAllRoots (webpack-internal:///(app-pages-browser)/./node_modules/next/dist/compiled/react-dom/cjs/react-dom.development.js:7718:3)
    at flushSync$1 (webpack-internal:///(app-pages-browser)/./node_modules/next/dist/compiled/react-dom/cjs/react-dom.development.js:24999:7)
    at finishEventHandler (webpack-internal:///(app-pages-browser)/./node_modules/next/dist/compiled/react-dom/cjs/react-dom.development.js:28829:5)
    at batchedUpdates (webpack-internal:///(app-pages-browser)/./node_modules/next/dist/compiled/react-dom/cjs/react-dom.development.js:28847:5)
    at dispatchEventForPluginEventSystem (webpack-internal:///(app-pages-browser)/./node_modules/next/dist/compiled/react-dom/cjs/react-dom.development.js:32373:3)
    at dispatchEvent (webpack-internal:///(app-pages-browser)/./node_modules/next/dist/compiled/react-dom/cjs/react-dom.development.js:30141:5)
    at dispatchDiscreteEvent (webpack-internal:///(app-pages-browser)/./node_modules/next/dist/compiled/react-dom/cjs/react-dom.development.js:30112:5) @ webpack-internal:///(app-pages-browser)/./node_modules/next/dist/client/app-index.js:32
[  473037ms] [ERROR] IntlError: MISSING_MESSAGE: Could not resolve `dashboard.filters.lastUpdated` in messages for locale `fr`.
    at getFallbackFromErrorAndNotify (webpack-internal:///(app-pages-browser)/./node_modules/use-intl/dist/development/createFormatter-QqAaZwGD.js:159:19)
    at translateBaseFn (webpack-internal:///(app-pages-browser)/./node_modules/use-intl/dist/development/createFormatter-QqAaZwGD.js:184:14)
    at translateFn (webpack-internal:///(app-pages-browser)/./node_modules/use-intl/dist/development/createFormatter-QqAaZwGD.js:258:20)
    at ProfitabilityClient (webpack-internal:///(app-pages-browser)/./src/app/[locale]/(dashboard)/dashboard/pnl/ProfitabilityClient.tsx:175:38)
    at renderWithHooksAgain (webpack-internal:///(app-pages-browser)/./node_modules/next/dist/compiled/react-dom/cjs/react-dom.development.js:11272:16)
    at renderWithHooks (webpack-internal:///(app-pages-browser)/./node_modules/next/dist/compiled/react-dom/cjs/react-dom.development.js:11135:18)
    at updateFunctionComponent (webpack-internal:///(app-pages-browser)/./node_modules/next/dist/compiled/react-dom/cjs/react-dom.development.js:16290:20)
    at beginWork$1 (webpack-internal:///(app-pages-browser)/./node_modules/next/dist/compiled/react-dom/cjs/react-dom.development.js:18472:16)
    at beginWork (webpack-internal:///(app-pages-browser)/./node_modules/next/dist/compiled/react-dom/cjs/react-dom.development.js:26927:14)
    at performUnitOfWork (webpack-internal:///(app-pages-browser)/./node_modules/next/dist/compiled/react-dom/cjs/react-dom.development.js:25748:12)
    at workLoopSync (webpack-internal:///(app-pages-browser)/./node_modules/next/dist/compiled/react-dom/cjs/react-dom.development.js:25464:5)
    at renderRootSync (webpack-internal:///(app-pages-browser)/./node_modules/next/dist/compiled/react-dom/cjs/react-dom.development.js:25419:7)
    at performSyncWorkOnRoot (webpack-internal:///(app-pages-browser)/./node_modules/next/dist/compiled/react-dom/cjs/react-dom.development.js:24887:20)
    at flushSyncWorkAcrossRoots_impl (webpack-internal:///(app-pages-browser)/./node_modules/next/dist/compiled/react-dom/cjs/react-dom.development.js:7758:13)
    at flushSyncWorkOnAllRoots (webpack-internal:///(app-pages-browser)/./node_modules/next/dist/compiled/react-dom/cjs/react-dom.development.js:7718:3)
    at flushSync$1 (webpack-internal:///(app-pages-browser)/./node_modules/next/dist/compiled/react-dom/cjs/react-dom.development.js:24999:7)
    at finishEventHandler (webpack-internal:///(app-pages-browser)/./node_modules/next/dist/compiled/react-dom/cjs/react-dom.development.js:28829:5)
    at batchedUpdates (webpack-internal:///(app-pages-browser)/./node_modules/next/dist/compiled/react-dom/cjs/react-dom.development.js:28847:5)
    at dispatchEventForPluginEventSystem (webpack-internal:///(app-pages-browser)/./node_modules/next/dist/compiled/react-dom/cjs/react-dom.development.js:32373:3)
    at dispatchEvent (webpack-internal:///(app-pages-browser)/./node_modules/next/dist/compiled/react-dom/cjs/react-dom.development.js:30141:5)
    at dispatchDiscreteEvent (webpack-internal:///(app-pages-browser)/./node_modules/next/dist/compiled/react-dom/cjs/react-dom.development.js:30112:5) @ webpack-internal:///(app-pages-browser)/./node_modules/next/dist/client/app-index.js:32
[  475665ms] [ERROR] IntlError: MISSING_MESSAGE: Could not resolve `dashboard.filters.lastUpdated` in messages for locale `fr`.
    at getFallbackFromErrorAndNotify (webpack-internal:///(app-pages-browser)/./node_modules/use-intl/dist/development/createFormatter-QqAaZwGD.js:159:19)
    at translateBaseFn (webpack-internal:///(app-pages-browser)/./node_modules/use-intl/dist/development/createFormatter-QqAaZwGD.js:184:14)
    at translateFn (webpack-internal:///(app-pages-browser)/./node_modules/use-intl/dist/development/createFormatter-QqAaZwGD.js:258:20)
    at ProfitabilityClient (webpack-internal:///(app-pages-browser)/./src/app/[locale]/(dashboard)/dashboard/pnl/ProfitabilityClient.tsx:175:38)
    at renderWithHooks (webpack-internal:///(app-pages-browser)/./node_modules/next/dist/compiled/react-dom/cjs/react-dom.development.js:11121:18)
    at updateFunctionComponent (webpack-internal:///(app-pages-browser)/./node_modules/next/dist/compiled/react-dom/cjs/react-dom.development.js:16290:20)
    at beginWork$1 (webpack-internal:///(app-pages-browser)/./node_modules/next/dist/compiled/react-dom/cjs/react-dom.development.js:18472:16)
    at beginWork (webpack-internal:///(app-pages-browser)/./node_modules/next/dist/compiled/react-dom/cjs/react-dom.development.js:26927:14)
    at performUnitOfWork (webpack-internal:///(app-pages-browser)/./node_modules/next/dist/compiled/react-dom/cjs/react-dom.development.js:25748:12)
    at workLoopSync (webpack-internal:///(app-pages-browser)/./node_modules/next/dist/compiled/react-dom/cjs/react-dom.development.js:25464:5)
    at renderRootSync (webpack-internal:///(app-pages-browser)/./node_modules/next/dist/compiled/react-dom/cjs/react-dom.development.js:25419:7)
    at performSyncWorkOnRoot (webpack-internal:///(app-pages-browser)/./node_modules/next/dist/compiled/react-dom/cjs/react-dom.development.js:24887:20)
    at flushSyncWorkAcrossRoots_impl (webpack-internal:///(app-pages-browser)/./node_modules/next/dist/compiled/react-dom/cjs/react-dom.development.js:7758:13)
    at flushSyncWorkOnAllRoots (webpack-internal:///(app-pages-browser)/./node_modules/next/dist/compiled/react-dom/cjs/react-dom.development.js:7718:3)
    at processRootScheduleInMicrotask (webpack-internal:///(app-pages-browser)/./node_modules/next/dist/compiled/react-dom/cjs/react-dom.development.js:7863:3)
    at eval (webpack-internal:///(app-pages-browser)/./node_modules/next/dist/compiled/react-dom/cjs/react-dom.development.js:8034:7) @ webpack-internal:///(app-pages-browser)/./node_modules/next/dist/client/app-index.js:32
[  475666ms] [ERROR] IntlError: MISSING_MESSAGE: Could not resolve `dashboard.filters.lastUpdated` in messages for locale `fr`.
    at getFallbackFromErrorAndNotify (webpack-internal:///(app-pages-browser)/./node_modules/use-intl/dist/development/createFormatter-QqAaZwGD.js:159:19)
    at translateBaseFn (webpack-internal:///(app-pages-browser)/./node_modules/use-intl/dist/development/createFormatter-QqAaZwGD.js:184:14)
    at translateFn (webpack-internal:///(app-pages-browser)/./node_modules/use-intl/dist/development/createFormatter-QqAaZwGD.js:258:20)
    at ProfitabilityClient (webpack-internal:///(app-pages-browser)/./src/app/[locale]/(dashboard)/dashboard/pnl/ProfitabilityClient.tsx:175:38)
    at renderWithHooksAgain (webpack-internal:///(app-pages-browser)/./node_modules/next/dist/compiled/react-dom/cjs/react-dom.development.js:11272:16)
    at renderWithHooks (webpack-internal:///(app-pages-browser)/./node_modules/next/dist/compiled/react-dom/cjs/react-dom.development.js:11135:18)
    at updateFunctionComponent (webpack-internal:///(app-pages-browser)/./node_modules/next/dist/compiled/react-dom/cjs/react-dom.development.js:16290:20)
    at beginWork$1 (webpack-internal:///(app-pages-browser)/./node_modules/next/dist/compiled/react-dom/cjs/react-dom.development.js:18472:16)
    at beginWork (webpack-internal:///(app-pages-browser)/./node_modules/next/dist/compiled/react-dom/cjs/react-dom.development.js:26927:14)
    at performUnitOfWork (webpack-internal:///(app-pages-browser)/./node_modules/next/dist/compiled/react-dom/cjs/react-dom.development.js:25748:12)
    at workLoopSync (webpack-internal:///(app-pages-browser)/./node_modules/next/dist/compiled/react-dom/cjs/react-dom.development.js:25464:5)
    at renderRootSync (webpack-internal:///(app-pages-browser)/./node_modules/next/dist/compiled/react-dom/cjs/react-dom.development.js:25419:7)
    at performSyncWorkOnRoot (webpack-internal:///(app-pages-browser)/./node_modules/next/dist/compiled/react-dom/cjs/react-dom.development.js:24887:20)
    at flushSyncWorkAcrossRoots_impl (webpack-internal:///(app-pages-browser)/./node_modules/next/dist/compiled/react-dom/cjs/react-dom.development.js:7758:13)
    at flushSyncWorkOnAllRoots (webpack-internal:///(app-pages-browser)/./node_modules/next/dist/compiled/react-dom/cjs/react-dom.development.js:7718:3)
    at processRootScheduleInMicrotask (webpack-internal:///(app-pages-browser)/./node_modules/next/dist/compiled/react-dom/cjs/react-dom.development.js:7863:3)
    at eval (webpack-internal:///(app-pages-browser)/./node_modules/next/dist/compiled/react-dom/cjs/react-dom.development.js:8034:7) @ webpack-internal:///(app-pages-browser)/./node_modules/next/dist/client/app-index.js:32
[  483780ms] [INFO] %cDownload the React DevTools for a better development experience: https://reactjs.org/link/react-devtools font-weight:bold @ webpack-internal:///(app-pages-browser)/./node_modules/next/dist/compiled/react-dom/cjs/react-dom.development.js:38559
[  483884ms] [ERROR] IntlError: MISSING_MESSAGE: Could not resolve `dashboard.filters.lastUpdated` in messages for locale `fr`.
    at getFallbackFromErrorAndNotify (webpack-internal:///(app-pages-browser)/./node_modules/use-intl/dist/development/createFormatter-QqAaZwGD.js:159:19)
    at translateBaseFn (webpack-internal:///(app-pages-browser)/./node_modules/use-intl/dist/development/createFormatter-QqAaZwGD.js:184:14)
    at translateFn (webpack-internal:///(app-pages-browser)/./node_modules/use-intl/dist/development/createFormatter-QqAaZwGD.js:258:20)
    at ProfitabilityClient (webpack-internal:///(app-pages-browser)/./src/app/[locale]/(dashboard)/dashboard/pnl/ProfitabilityClient.tsx:175:38)
    at renderWithHooks (webpack-internal:///(app-pages-browser)/./node_modules/next/dist/compiled/react-dom/cjs/react-dom.development.js:11121:18)
    at updateFunctionComponent (webpack-internal:///(app-pages-browser)/./node_modules/next/dist/compiled/react-dom/cjs/react-dom.development.js:16290:20)
    at mountLazyComponent (webpack-internal:///(app-pages-browser)/./node_modules/next/dist/compiled/react-dom/cjs/react-dom.development.js:16765:17)
    at beginWork$1 (webpack-internal:///(app-pages-browser)/./node_modules/next/dist/compiled/react-dom/cjs/react-dom.development.js:18464:16)
    at beginWork (webpack-internal:///(app-pages-browser)/./node_modules/next/dist/compiled/react-dom/cjs/react-dom.development.js:26927:14)
    at performUnitOfWork (webpack-internal:///(app-pages-browser)/./node_modules/next/dist/compiled/react-dom/cjs/react-dom.development.js:25748:12)
    at workLoopConcurrent (webpack-internal:///(app-pages-browser)/./node_modules/next/dist/compiled/react-dom/cjs/react-dom.development.js:25734:5)
    at renderRootConcurrent (webpack-internal:///(app-pages-browser)/./node_modules/next/dist/compiled/react-dom/cjs/react-dom.development.js:25690:9)
    at performConcurrentWorkOnRoot (webpack-internal:///(app-pages-browser)/./node_modules/next/dist/compiled/react-dom/cjs/react-dom.development.js:24504:38)
    at workLoop (webpack-internal:///(app-pages-browser)/./node_modules/next/dist/compiled/scheduler/cjs/scheduler.development.js:256:34)
    at flushWork (webpack-internal:///(app-pages-browser)/./node_modules/next/dist/compiled/scheduler/cjs/scheduler.development.js:225:14)
    at MessagePort.performWorkUntilDeadline (webpack-internal:///(app-pages-browser)/./node_modules/next/dist/compiled/scheduler/cjs/scheduler.development.js:534:21) @ webpack-internal:///(app-pages-browser)/./node_modules/next/dist/client/app-index.js:32
[  483885ms] [ERROR] IntlError: MISSING_MESSAGE: Could not resolve `dashboard.filters.lastUpdated` in messages for locale `fr`.
    at getFallbackFromErrorAndNotify (webpack-internal:///(app-pages-browser)/./node_modules/use-intl/dist/development/createFormatter-QqAaZwGD.js:159:19)
    at translateBaseFn (webpack-internal:///(app-pages-browser)/./node_modules/use-intl/dist/development/createFormatter-QqAaZwGD.js:184:14)
    at translateFn (webpack-internal:///(app-pages-browser)/./node_modules/use-intl/dist/development/createFormatter-QqAaZwGD.js:258:20)
    at ProfitabilityClient (webpack-internal:///(app-pages-browser)/./src/app/[locale]/(dashboard)/dashboard/pnl/ProfitabilityClient.tsx:175:38)
    at renderWithHooksAgain (webpack-internal:///(app-pages-browser)/./node_modules/next/dist/compiled/react-dom/cjs/react-dom.development.js:11272:16)
    at renderWithHooks (webpack-internal:///(app-pages-browser)/./node_modules/next/dist/compiled/react-dom/cjs/react-dom.development.js:11135:18)
    at updateFunctionComponent (webpack-internal:///(app-pages-browser)/./node_modules/next/dist/compiled/react-dom/cjs/react-dom.development.js:16290:20)
    at mountLazyComponent (webpack-internal:///(app-pages-browser)/./node_modules/next/dist/compiled/react-dom/cjs/react-dom.development.js:16765:17)
    at beginWork$1 (webpack-internal:///(app-pages-browser)/./node_modules/next/dist/compiled/react-dom/cjs/react-dom.development.js:18464:16)
    at beginWork (webpack-internal:///(app-pages-browser)/./node_modules/next/dist/compiled/react-dom/cjs/react-dom.development.js:26927:14)
    at performUnitOfWork (webpack-internal:///(app-pages-browser)/./node_modules/next/dist/compiled/react-dom/cjs/react-dom.development.js:25748:12)
    at workLoopConcurrent (webpack-internal:///(app-pages-browser)/./node_modules/next/dist/compiled/react-dom/cjs/react-dom.development.js:25734:5)
    at renderRootConcurrent (webpack-internal:///(app-pages-browser)/./node_modules/next/dist/compiled/react-dom/cjs/react-dom.development.js:25690:9)
    at performConcurrentWorkOnRoot (webpack-internal:///(app-pages-browser)/./node_modules/next/dist/compiled/react-dom/cjs/react-dom.development.js:24504:38)
    at workLoop (webpack-internal:///(app-pages-browser)/./node_modules/next/dist/compiled/scheduler/cjs/scheduler.development.js:256:34)
    at flushWork (webpack-internal:///(app-pages-browser)/./node_modules/next/dist/compiled/scheduler/cjs/scheduler.development.js:225:14)
    at MessagePort.performWorkUntilDeadline (webpack-internal:///(app-pages-browser)/./node_modules/next/dist/compiled/scheduler/cjs/scheduler.development.js:534:21) @ webpack-internal:///(app-pages-browser)/./node_modules/next/dist/client/app-index.js:32
[  483917ms] [ERROR] Failed to load resource: the server responded with a status of 404 (Not Found) @ http://localhost:3000/favicon.ico:0
[  488876ms] [ERROR] IntlError: MISSING_MESSAGE: Could not resolve `dashboard.filters.lastUpdated` in messages for locale `fr`.
    at getFallbackFromErrorAndNotify (webpack-internal:///(app-pages-browser)/./node_modules/use-intl/dist/development/createFormatter-QqAaZwGD.js:159:19)
    at translateBaseFn (webpack-internal:///(app-pages-browser)/./node_modules/use-intl/dist/development/createFormatter-QqAaZwGD.js:184:14)
    at translateFn (webpack-internal:///(app-pages-browser)/./node_modules/use-intl/dist/development/createFormatter-QqAaZwGD.js:258:20)
    at ProfitabilityClient (webpack-internal:///(app-pages-browser)/./src/app/[locale]/(dashboard)/dashboard/pnl/ProfitabilityClient.tsx:175:38)
    at renderWithHooks (webpack-internal:///(app-pages-browser)/./node_modules/next/dist/compiled/react-dom/cjs/react-dom.development.js:11121:18)
    at updateFunctionComponent (webpack-internal:///(app-pages-browser)/./node_modules/next/dist/compiled/react-dom/cjs/react-dom.development.js:16290:20)
    at beginWork$1 (webpack-internal:///(app-pages-browser)/./node_modules/next/dist/compiled/react-dom/cjs/react-dom.development.js:18472:16)
    at beginWork (webpack-internal:///(app-pages-browser)/./node_modules/next/dist/compiled/react-dom/cjs/react-dom.development.js:26927:14)
    at performUnitOfWork (webpack-internal:///(app-pages-browser)/./node_modules/next/dist/compiled/react-dom/cjs/react-dom.development.js:25748:12)
    at workLoopSync (webpack-internal:///(app-pages-browser)/./node_modules/next/dist/compiled/react-dom/cjs/react-dom.development.js:25464:5)
    at renderRootSync (webpack-internal:///(app-pages-browser)/./node_modules/next/dist/compiled/react-dom/cjs/react-dom.development.js:25419:7)
    at performSyncWorkOnRoot (webpack-internal:///(app-pages-browser)/./node_modules/next/dist/compiled/react-dom/cjs/react-dom.development.js:24887:20)
    at flushSyncWorkAcrossRoots_impl (webpack-internal:///(app-pages-browser)/./node_modules/next/dist/compiled/react-dom/cjs/react-dom.development.js:7758:13)
    at flushSyncWorkOnAllRoots (webpack-internal:///(app-pages-browser)/./node_modules/next/dist/compiled/react-dom/cjs/react-dom.development.js:7718:3)
    at processRootScheduleInMicrotask (webpack-internal:///(app-pages-browser)/./node_modules/next/dist/compiled/react-dom/cjs/react-dom.development.js:7863:3)
    at eval (webpack-internal:///(app-pages-browser)/./node_modules/next/dist/compiled/react-dom/cjs/react-dom.development.js:8034:7) @ webpack-internal:///(app-pages-browser)/./node_modules/next/dist/client/app-index.js:32
[  488879ms] [ERROR] IntlError: MISSING_MESSAGE: Could not resolve `dashboard.filters.lastUpdated` in messages for locale `fr`.
    at getFallbackFromErrorAndNotify (webpack-internal:///(app-pages-browser)/./node_modules/use-intl/dist/development/createFormatter-QqAaZwGD.js:159:19)
    at translateBaseFn (webpack-internal:///(app-pages-browser)/./node_modules/use-intl/dist/development/createFormatter-QqAaZwGD.js:184:14)
    at translateFn (webpack-internal:///(app-pages-browser)/./node_modules/use-intl/dist/development/createFormatter-QqAaZwGD.js:258:20)
    at ProfitabilityClient (webpack-internal:///(app-pages-browser)/./src/app/[locale]/(dashboard)/dashboard/pnl/ProfitabilityClient.tsx:175:38)
    at renderWithHooksAgain (webpack-internal:///(app-pages-browser)/./node_modules/next/dist/compiled/react-dom/cjs/react-dom.development.js:11272:16)
    at renderWithHooks (webpack-internal:///(app-pages-browser)/./node_modules/next/dist/compiled/react-dom/cjs/react-dom.development.js:11135:18)
    at updateFunctionComponent (webpack-internal:///(app-pages-browser)/./node_modules/next/dist/compiled/react-dom/cjs/react-dom.development.js:16290:20)
    at beginWork$1 (webpack-internal:///(app-pages-browser)/./node_modules/next/dist/compiled/react-dom/cjs/react-dom.development.js:18472:16)
    at beginWork (webpack-internal:///(app-pages-browser)/./node_modules/next/dist/compiled/react-dom/cjs/react-dom.development.js:26927:14)
    at performUnitOfWork (webpack-internal:///(app-pages-browser)/./node_modules/next/dist/compiled/react-dom/cjs/react-dom.development.js:25748:12)
    at workLoopSync (webpack-internal:///(app-pages-browser)/./node_modules/next/dist/compiled/react-dom/cjs/react-dom.development.js:25464:5)
    at renderRootSync (webpack-internal:///(app-pages-browser)/./node_modules/next/dist/compiled/react-dom/cjs/react-dom.development.js:25419:7)
    at performSyncWorkOnRoot (webpack-internal:///(app-pages-browser)/./node_modules/next/dist/compiled/react-dom/cjs/react-dom.development.js:24887:20)
    at flushSyncWorkAcrossRoots_impl (webpack-internal:///(app-pages-browser)/./node_modules/next/dist/compiled/react-dom/cjs/react-dom.development.js:7758:13)
    at flushSyncWorkOnAllRoots (webpack-internal:///(app-pages-browser)/./node_modules/next/dist/compiled/react-dom/cjs/react-dom.development.js:7718:3)
    at processRootScheduleInMicrotask (webpack-internal:///(app-pages-browser)/./node_modules/next/dist/compiled/react-dom/cjs/react-dom.development.js:7863:3)
    at eval (webpack-internal:///(app-pages-browser)/./node_modules/next/dist/compiled/react-dom/cjs/react-dom.development.js:8034:7) @ webpack-internal:///(app-pages-browser)/./node_modules/next/dist/client/app-index.js:32
[  489714ms] [ERROR] IntlError: MISSING_MESSAGE: Could not resolve `dashboard.filters.lastUpdated` in messages for locale `fr`.
    at getFallbackFromErrorAndNotify (webpack-internal:///(app-pages-browser)/./node_modules/use-intl/dist/development/createFormatter-QqAaZwGD.js:159:19)
    at translateBaseFn (webpack-internal:///(app-pages-browser)/./node_modules/use-intl/dist/development/createFormatter-QqAaZwGD.js:184:14)
    at translateFn (webpack-internal:///(app-pages-browser)/./node_modules/use-intl/dist/development/createFormatter-QqAaZwGD.js:258:20)
    at ProfitabilityClient (webpack-internal:///(app-pages-browser)/./src/app/[locale]/(dashboard)/dashboard/pnl/ProfitabilityClient.tsx:175:38)
    at renderWithHooks (webpack-internal:///(app-pages-browser)/./node_modules/next/dist/compiled/react-dom/cjs/react-dom.development.js:11121:18)
    at updateFunctionComponent (webpack-internal:///(app-pages-browser)/./node_modules/next/dist/compiled/react-dom/cjs/react-dom.development.js:16290:20)
    at beginWork$1 (webpack-internal:///(app-pages-browser)/./node_modules/next/dist/compiled/react-dom/cjs/react-dom.development.js:18472:16)
    at beginWork (webpack-internal:///(app-pages-browser)/./node_modules/next/dist/compiled/react-dom/cjs/react-dom.development.js:26927:14)
    at performUnitOfWork (webpack-internal:///(app-pages-browser)/./node_modules/next/dist/compiled/react-dom/cjs/react-dom.development.js:25748:12)
    at workLoopSync (webpack-internal:///(app-pages-browser)/./node_modules/next/dist/compiled/react-dom/cjs/react-dom.development.js:25464:5)
    at renderRootSync (webpack-internal:///(app-pages-browser)/./node_modules/next/dist/compiled/react-dom/cjs/react-dom.development.js:25419:7)
    at performSyncWorkOnRoot (webpack-internal:///(app-pages-browser)/./node_modules/next/dist/compiled/react-dom/cjs/react-dom.development.js:24887:20)
    at flushSyncWorkAcrossRoots_impl (webpack-internal:///(app-pages-browser)/./node_modules/next/dist/compiled/react-dom/cjs/react-dom.development.js:7758:13)
    at flushSyncWorkOnAllRoots (webpack-internal:///(app-pages-browser)/./node_modules/next/dist/compiled/react-dom/cjs/react-dom.development.js:7718:3)
    at processRootScheduleInMicrotask (webpack-internal:///(app-pages-browser)/./node_modules/next/dist/compiled/react-dom/cjs/react-dom.development.js:7863:3)
    at eval (webpack-internal:///(app-pages-browser)/./node_modules/next/dist/compiled/react-dom/cjs/react-dom.development.js:8034:7) @ webpack-internal:///(app-pages-browser)/./node_modules/next/dist/client/app-index.js:32
[  489715ms] [ERROR] IntlError: MISSING_MESSAGE: Could not resolve `dashboard.filters.lastUpdated` in messages for locale `fr`.
    at getFallbackFromErrorAndNotify (webpack-internal:///(app-pages-browser)/./node_modules/use-intl/dist/development/createFormatter-QqAaZwGD.js:159:19)
    at translateBaseFn (webpack-internal:///(app-pages-browser)/./node_modules/use-intl/dist/development/createFormatter-QqAaZwGD.js:184:14)
    at translateFn (webpack-internal:///(app-pages-browser)/./node_modules/use-intl/dist/development/createFormatter-QqAaZwGD.js:258:20)
    at ProfitabilityClient (webpack-internal:///(app-pages-browser)/./src/app/[locale]/(dashboard)/dashboard/pnl/ProfitabilityClient.tsx:175:38)
    at renderWithHooksAgain (webpack-internal:///(app-pages-browser)/./node_modules/next/dist/compiled/react-dom/cjs/react-dom.development.js:11272:16)
    at renderWithHooks (webpack-internal:///(app-pages-browser)/./node_modules/next/dist/compiled/react-dom/cjs/react-dom.development.js:11135:18)
    at updateFunctionComponent (webpack-internal:///(app-pages-browser)/./node_modules/next/dist/compiled/react-dom/cjs/react-dom.development.js:16290:20)
    at beginWork$1 (webpack-internal:///(app-pages-browser)/./node_modules/next/dist/compiled/react-dom/cjs/react-dom.development.js:18472:16)
    at beginWork (webpack-internal:///(app-pages-browser)/./node_modules/next/dist/compiled/react-dom/cjs/react-dom.development.js:26927:14)
    at performUnitOfWork (webpack-internal:///(app-pages-browser)/./node_modules/next/dist/compiled/react-dom/cjs/react-dom.development.js:25748:12)
    at workLoopSync (webpack-internal:///(app-pages-browser)/./node_modules/next/dist/compiled/react-dom/cjs/react-dom.development.js:25464:5)
    at renderRootSync (webpack-internal:///(app-pages-browser)/./node_modules/next/dist/compiled/react-dom/cjs/react-dom.development.js:25419:7)
    at performSyncWorkOnRoot (webpack-internal:///(app-pages-browser)/./node_modules/next/dist/compiled/react-dom/cjs/react-dom.development.js:24887:20)
    at flushSyncWorkAcrossRoots_impl (webpack-internal:///(app-pages-browser)/./node_modules/next/dist/compiled/react-dom/cjs/react-dom.development.js:7758:13)
    at flushSyncWorkOnAllRoots (webpack-internal:///(app-pages-browser)/./node_modules/next/dist/compiled/react-dom/cjs/react-dom.development.js:7718:3)
    at processRootScheduleInMicrotask (webpack-internal:///(app-pages-browser)/./node_modules/next/dist/compiled/react-dom/cjs/react-dom.development.js:7863:3)
    at eval (webpack-internal:///(app-pages-browser)/./node_modules/next/dist/compiled/react-dom/cjs/react-dom.development.js:8034:7) @ webpack-internal:///(app-pages-browser)/./node_modules/next/dist/client/app-index.js:32
[  490243ms] [ERROR] IntlError: MISSING_MESSAGE: Could not resolve `dashboard.filters.lastUpdated` in messages for locale `fr`.
    at getFallbackFromErrorAndNotify (webpack-internal:///(app-pages-browser)/./node_modules/use-intl/dist/development/createFormatter-QqAaZwGD.js:159:19)
    at translateBaseFn (webpack-internal:///(app-pages-browser)/./node_modules/use-intl/dist/development/createFormatter-QqAaZwGD.js:184:14)
    at translateFn (webpack-internal:///(app-pages-browser)/./node_modules/use-intl/dist/development/createFormatter-QqAaZwGD.js:258:20)
    at ProfitabilityClient (webpack-internal:///(app-pages-browser)/./src/app/[locale]/(dashboard)/dashboard/pnl/ProfitabilityClient.tsx:175:38)
    at renderWithHooks (webpack-internal:///(app-pages-browser)/./node_modules/next/dist/compiled/react-dom/cjs/react-dom.development.js:11121:18)
    at updateFunctionComponent (webpack-internal:///(app-pages-browser)/./node_modules/next/dist/compiled/react-dom/cjs/react-dom.development.js:16290:20)
    at beginWork$1 (webpack-internal:///(app-pages-browser)/./node_modules/next/dist/compiled/react-dom/cjs/react-dom.development.js:18472:16)
    at beginWork (webpack-internal:///(app-pages-browser)/./node_modules/next/dist/compiled/react-dom/cjs/react-dom.development.js:26927:14)
    at performUnitOfWork (webpack-internal:///(app-pages-browser)/./node_modules/next/dist/compiled/react-dom/cjs/react-dom.development.js:25748:12)
    at workLoopSync (webpack-internal:///(app-pages-browser)/./node_modules/next/dist/compiled/react-dom/cjs/react-dom.development.js:25464:5)
    at renderRootSync (webpack-internal:///(app-pages-browser)/./node_modules/next/dist/compiled/react-dom/cjs/react-dom.development.js:25419:7)
    at performSyncWorkOnRoot (webpack-internal:///(app-pages-browser)/./node_modules/next/dist/compiled/react-dom/cjs/react-dom.development.js:24887:20)
    at flushSyncWorkAcrossRoots_impl (webpack-internal:///(app-pages-browser)/./node_modules/next/dist/compiled/react-dom/cjs/react-dom.development.js:7758:13)
    at flushSyncWorkOnAllRoots (webpack-internal:///(app-pages-browser)/./node_modules/next/dist/compiled/react-dom/cjs/react-dom.development.js:7718:3)
    at processRootScheduleInMicrotask (webpack-internal:///(app-pages-browser)/./node_modules/next/dist/compiled/react-dom/cjs/react-dom.development.js:7863:3)
    at eval (webpack-internal:///(app-pages-browser)/./node_modules/next/dist/compiled/react-dom/cjs/react-dom.development.js:8034:7) @ webpack-internal:///(app-pages-browser)/./node_modules/next/dist/client/app-index.js:32
[  490244ms] [ERROR] IntlError: MISSING_MESSAGE: Could not resolve `dashboard.filters.lastUpdated` in messages for locale `fr`.
    at getFallbackFromErrorAndNotify (webpack-internal:///(app-pages-browser)/./node_modules/use-intl/dist/development/createFormatter-QqAaZwGD.js:159:19)
    at translateBaseFn (webpack-internal:///(app-pages-browser)/./node_modules/use-intl/dist/development/createFormatter-QqAaZwGD.js:184:14)
    at translateFn (webpack-internal:///(app-pages-browser)/./node_modules/use-intl/dist/development/createFormatter-QqAaZwGD.js:258:20)
    at ProfitabilityClient (webpack-internal:///(app-pages-browser)/./src/app/[locale]/(dashboard)/dashboard/pnl/ProfitabilityClient.tsx:175:38)
    at renderWithHooksAgain (webpack-internal:///(app-pages-browser)/./node_modules/next/dist/compiled/react-dom/cjs/react-dom.development.js:11272:16)
    at renderWithHooks (webpack-internal:///(app-pages-browser)/./node_modules/next/dist/compiled/react-dom/cjs/react-dom.development.js:11135:18)
    at updateFunctionComponent (webpack-internal:///(app-pages-browser)/./node_modules/next/dist/compiled/react-dom/cjs/react-dom.development.js:16290:20)
    at beginWork$1 (webpack-internal:///(app-pages-browser)/./node_modules/next/dist/compiled/react-dom/cjs/react-dom.development.js:18472:16)
    at beginWork (webpack-internal:///(app-pages-browser)/./node_modules/next/dist/compiled/react-dom/cjs/react-dom.development.js:26927:14)
    at performUnitOfWork (webpack-internal:///(app-pages-browser)/./node_modules/next/dist/compiled/react-dom/cjs/react-dom.development.js:25748:12)
    at workLoopSync (webpack-internal:///(app-pages-browser)/./node_modules/next/dist/compiled/react-dom/cjs/react-dom.development.js:25464:5)
    at renderRootSync (webpack-internal:///(app-pages-browser)/./node_modules/next/dist/compiled/react-dom/cjs/react-dom.development.js:25419:7)
    at performSyncWorkOnRoot (webpack-internal:///(app-pages-browser)/./node_modules/next/dist/compiled/react-dom/cjs/react-dom.development.js:24887:20)
    at flushSyncWorkAcrossRoots_impl (webpack-internal:///(app-pages-browser)/./node_modules/next/dist/compiled/react-dom/cjs/react-dom.development.js:7758:13)
    at flushSyncWorkOnAllRoots (webpack-internal:///(app-pages-browser)/./node_modules/next/dist/compiled/react-dom/cjs/react-dom.development.js:7718:3)
    at processRootScheduleInMicrotask (webpack-internal:///(app-pages-browser)/./node_modules/next/dist/compiled/react-dom/cjs/react-dom.development.js:7863:3)
    at eval (webpack-internal:///(app-pages-browser)/./node_modules/next/dist/compiled/react-dom/cjs/react-dom.development.js:8034:7) @ webpack-internal:///(app-pages-browser)/./node_modules/next/dist/client/app-index.js:32
[  490625ms] [ERROR] IntlError: MISSING_MESSAGE: Could not resolve `dashboard.filters.lastUpdated` in messages for locale `fr`.
    at getFallbackFromErrorAndNotify (webpack-internal:///(app-pages-browser)/./node_modules/use-intl/dist/development/createFormatter-QqAaZwGD.js:159:19)
    at translateBaseFn (webpack-internal:///(app-pages-browser)/./node_modules/use-intl/dist/development/createFormatter-QqAaZwGD.js:184:14)
    at translateFn (webpack-internal:///(app-pages-browser)/./node_modules/use-intl/dist/development/createFormatter-QqAaZwGD.js:258:20)
    at ProfitabilityClient (webpack-internal:///(app-pages-browser)/./src/app/[locale]/(dashboard)/dashboard/pnl/ProfitabilityClient.tsx:175:38)
    at renderWithHooks (webpack-internal:///(app-pages-browser)/./node_modules/next/dist/compiled/react-dom/cjs/react-dom.development.js:11121:18)
    at updateFunctionComponent (webpack-internal:///(app-pages-browser)/./node_modules/next/dist/compiled/react-dom/cjs/react-dom.development.js:16290:20)
    at beginWork$1 (webpack-internal:///(app-pages-browser)/./node_modules/next/dist/compiled/react-dom/cjs/react-dom.development.js:18472:16)
    at beginWork (webpack-internal:///(app-pages-browser)/./node_modules/next/dist/compiled/react-dom/cjs/react-dom.development.js:26927:14)
    at performUnitOfWork (webpack-internal:///(app-pages-browser)/./node_modules/next/dist/compiled/react-dom/cjs/react-dom.development.js:25748:12)
    at workLoopSync (webpack-internal:///(app-pages-browser)/./node_modules/next/dist/compiled/react-dom/cjs/react-dom.development.js:25464:5)
    at renderRootSync (webpack-internal:///(app-pages-browser)/./node_modules/next/dist/compiled/react-dom/cjs/react-dom.development.js:25419:7)
    at performSyncWorkOnRoot (webpack-internal:///(app-pages-browser)/./node_modules/next/dist/compiled/react-dom/cjs/react-dom.development.js:24887:20)
    at flushSyncWorkAcrossRoots_impl (webpack-internal:///(app-pages-browser)/./node_modules/next/dist/compiled/react-dom/cjs/react-dom.development.js:7758:13)
    at flushSyncWorkOnAllRoots (webpack-internal:///(app-pages-browser)/./node_modules/next/dist/compiled/react-dom/cjs/react-dom.development.js:7718:3)
    at processRootScheduleInMicrotask (webpack-internal:///(app-pages-browser)/./node_modules/next/dist/compiled/react-dom/cjs/react-dom.development.js:7863:3)
    at eval (webpack-internal:///(app-pages-browser)/./node_modules/next/dist/compiled/react-dom/cjs/react-dom.development.js:8034:7) @ webpack-internal:///(app-pages-browser)/./node_modules/next/dist/client/app-index.js:32
[  490626ms] [ERROR] IntlError: MISSING_MESSAGE: Could not resolve `dashboard.filters.lastUpdated` in messages for locale `fr`.
    at getFallbackFromErrorAndNotify (webpack-internal:///(app-pages-browser)/./node_modules/use-intl/dist/development/createFormatter-QqAaZwGD.js:159:19)
    at translateBaseFn (webpack-internal:///(app-pages-browser)/./node_modules/use-intl/dist/development/createFormatter-QqAaZwGD.js:184:14)
    at translateFn (webpack-internal:///(app-pages-browser)/./node_modules/use-intl/dist/development/createFormatter-QqAaZwGD.js:258:20)
    at ProfitabilityClient (webpack-internal:///(app-pages-browser)/./src/app/[locale]/(dashboard)/dashboard/pnl/ProfitabilityClient.tsx:175:38)
    at renderWithHooksAgain (webpack-internal:///(app-pages-browser)/./node_modules/next/dist/compiled/react-dom/cjs/react-dom.development.js:11272:16)
    at renderWithHooks (webpack-internal:///(app-pages-browser)/./node_modules/next/dist/compiled/react-dom/cjs/react-dom.development.js:11135:18)
    at updateFunctionComponent (webpack-internal:///(app-pages-browser)/./node_modules/next/dist/compiled/react-dom/cjs/react-dom.development.js:16290:20)
    at beginWork$1 (webpack-internal:///(app-pages-browser)/./node_modules/next/dist/compiled/react-dom/cjs/react-dom.development.js:18472:16)
    at beginWork (webpack-internal:///(app-pages-browser)/./node_modules/next/dist/compiled/react-dom/cjs/react-dom.development.js:26927:14)
    at performUnitOfWork (webpack-internal:///(app-pages-browser)/./node_modules/next/dist/compiled/react-dom/cjs/react-dom.development.js:25748:12)
    at workLoopSync (webpack-internal:///(app-pages-browser)/./node_modules/next/dist/compiled/react-dom/cjs/react-dom.development.js:25464:5)
    at renderRootSync (webpack-internal:///(app-pages-browser)/./node_modules/next/dist/compiled/react-dom/cjs/react-dom.development.js:25419:7)
    at performSyncWorkOnRoot (webpack-internal:///(app-pages-browser)/./node_modules/next/dist/compiled/react-dom/cjs/react-dom.development.js:24887:20)
    at flushSyncWorkAcrossRoots_impl (webpack-internal:///(app-pages-browser)/./node_modules/next/dist/compiled/react-dom/cjs/react-dom.development.js:7758:13)
    at flushSyncWorkOnAllRoots (webpack-internal:///(app-pages-browser)/./node_modules/next/dist/compiled/react-dom/cjs/react-dom.development.js:7718:3)
    at processRootScheduleInMicrotask (webpack-internal:///(app-pages-browser)/./node_modules/next/dist/compiled/react-dom/cjs/react-dom.development.js:7863:3)
    at eval (webpack-internal:///(app-pages-browser)/./node_modules/next/dist/compiled/react-dom/cjs/react-dom.development.js:8034:7) @ webpack-internal:///(app-pages-browser)/./node_modules/next/dist/client/app-index.js:32
[  490809ms] [ERROR] IntlError: MISSING_MESSAGE: Could not resolve `dashboard.filters.lastUpdated` in messages for locale `fr`.
    at getFallbackFromErrorAndNotify (webpack-internal:///(app-pages-browser)/./node_modules/use-intl/dist/development/createFormatter-QqAaZwGD.js:159:19)
    at translateBaseFn (webpack-internal:///(app-pages-browser)/./node_modules/use-intl/dist/development/createFormatter-QqAaZwGD.js:184:14)
    at translateFn (webpack-internal:///(app-pages-browser)/./node_modules/use-intl/dist/development/createFormatter-QqAaZwGD.js:258:20)
    at ProfitabilityClient (webpack-internal:///(app-pages-browser)/./src/app/[locale]/(dashboard)/dashboard/pnl/ProfitabilityClient.tsx:175:38)
    at renderWithHooks (webpack-internal:///(app-pages-browser)/./node_modules/next/dist/compiled/react-dom/cjs/react-dom.development.js:11121:18)
    at updateFunctionComponent (webpack-internal:///(app-pages-browser)/./node_modules/next/dist/compiled/react-dom/cjs/react-dom.development.js:16290:20)
    at beginWork$1 (webpack-internal:///(app-pages-browser)/./node_modules/next/dist/compiled/react-dom/cjs/react-dom.development.js:18472:16)
    at beginWork (webpack-internal:///(app-pages-browser)/./node_modules/next/dist/compiled/react-dom/cjs/react-dom.development.js:26927:14)
    at performUnitOfWork (webpack-internal:///(app-pages-browser)/./node_modules/next/dist/compiled/react-dom/cjs/react-dom.development.js:25748:12)
    at workLoopSync (webpack-internal:///(app-pages-browser)/./node_modules/next/dist/compiled/react-dom/cjs/react-dom.development.js:25464:5)
    at renderRootSync (webpack-internal:///(app-pages-browser)/./node_modules/next/dist/compiled/react-dom/cjs/react-dom.development.js:25419:7)
    at performSyncWorkOnRoot (webpack-internal:///(app-pages-browser)/./node_modules/next/dist/compiled/react-dom/cjs/react-dom.development.js:24887:20)
    at flushSyncWorkAcrossRoots_impl (webpack-internal:///(app-pages-browser)/./node_modules/next/dist/compiled/react-dom/cjs/react-dom.development.js:7758:13)
    at flushSyncWorkOnAllRoots (webpack-internal:///(app-pages-browser)/./node_modules/next/dist/compiled/react-dom/cjs/react-dom.development.js:7718:3)
    at processRootScheduleInMicrotask (webpack-internal:///(app-pages-browser)/./node_modules/next/dist/compiled/react-dom/cjs/react-dom.development.js:7863:3)
    at eval (webpack-internal:///(app-pages-browser)/./node_modules/next/dist/compiled/react-dom/cjs/react-dom.development.js:8034:7) @ webpack-internal:///(app-pages-browser)/./node_modules/next/dist/client/app-index.js:32
[  490810ms] [ERROR] IntlError: MISSING_MESSAGE: Could not resolve `dashboard.filters.lastUpdated` in messages for locale `fr`.
    at getFallbackFromErrorAndNotify (webpack-internal:///(app-pages-browser)/./node_modules/use-intl/dist/development/createFormatter-QqAaZwGD.js:159:19)
    at translateBaseFn (webpack-internal:///(app-pages-browser)/./node_modules/use-intl/dist/development/createFormatter-QqAaZwGD.js:184:14)
    at translateFn (webpack-internal:///(app-pages-browser)/./node_modules/use-intl/dist/development/createFormatter-QqAaZwGD.js:258:20)
    at ProfitabilityClient (webpack-internal:///(app-pages-browser)/./src/app/[locale]/(dashboard)/dashboard/pnl/ProfitabilityClient.tsx:175:38)
    at renderWithHooksAgain (webpack-internal:///(app-pages-browser)/./node_modules/next/dist/compiled/react-dom/cjs/react-dom.development.js:11272:16)
    at renderWithHooks (webpack-internal:///(app-pages-browser)/./node_modules/next/dist/compiled/react-dom/cjs/react-dom.development.js:11135:18)
    at updateFunctionComponent (webpack-internal:///(app-pages-browser)/./node_modules/next/dist/compiled/react-dom/cjs/react-dom.development.js:16290:20)
    at beginWork$1 (webpack-internal:///(app-pages-browser)/./node_modules/next/dist/compiled/react-dom/cjs/react-dom.development.js:18472:16)
    at beginWork (webpack-internal:///(app-pages-browser)/./node_modules/next/dist/compiled/react-dom/cjs/react-dom.development.js:26927:14)
    at performUnitOfWork (webpack-internal:///(app-pages-browser)/./node_modules/next/dist/compiled/react-dom/cjs/react-dom.development.js:25748:12)
    at workLoopSync (webpack-internal:///(app-pages-browser)/./node_modules/next/dist/compiled/react-dom/cjs/react-dom.development.js:25464:5)
    at renderRootSync (webpack-internal:///(app-pages-browser)/./node_modules/next/dist/compiled/react-dom/cjs/react-dom.development.js:25419:7)
    at performSyncWorkOnRoot (webpack-internal:///(app-pages-browser)/./node_modules/next/dist/compiled/react-dom/cjs/react-dom.development.js:24887:20)
    at flushSyncWorkAcrossRoots_impl (webpack-internal:///(app-pages-browser)/./node_modules/next/dist/compiled/react-dom/cjs/react-dom.development.js:7758:13)
    at flushSyncWorkOnAllRoots (webpack-internal:///(app-pages-browser)/./node_modules/next/dist/compiled/react-dom/cjs/react-dom.development.js:7718:3)
    at processRootScheduleInMicrotask (webpack-internal:///(app-pages-browser)/./node_modules/next/dist/compiled/react-dom/cjs/react-dom.development.js:7863:3)
    at eval (webpack-internal:///(app-pages-browser)/./node_modules/next/dist/compiled/react-dom/cjs/react-dom.development.js:8034:7) @ webpack-internal:///(app-pages-browser)/./node_modules/next/dist/client/app-index.js:32
[  491649ms] [ERROR] IntlError: MISSING_MESSAGE: Could not resolve `dashboard.filters.lastUpdated` in messages for locale `fr`.
    at getFallbackFromErrorAndNotify (webpack-internal:///(app-pages-browser)/./node_modules/use-intl/dist/development/createFormatter-QqAaZwGD.js:159:19)
    at translateBaseFn (webpack-internal:///(app-pages-browser)/./node_modules/use-intl/dist/development/createFormatter-QqAaZwGD.js:184:14)
    at translateFn (webpack-internal:///(app-pages-browser)/./node_modules/use-intl/dist/development/createFormatter-QqAaZwGD.js:258:20)
    at ProfitabilityClient (webpack-internal:///(app-pages-browser)/./src/app/[locale]/(dashboard)/dashboard/pnl/ProfitabilityClient.tsx:175:38)
    at renderWithHooks (webpack-internal:///(app-pages-browser)/./node_modules/next/dist/compiled/react-dom/cjs/react-dom.development.js:11121:18)
    at updateFunctionComponent (webpack-internal:///(app-pages-browser)/./node_modules/next/dist/compiled/react-dom/cjs/react-dom.development.js:16290:20)
    at beginWork$1 (webpack-internal:///(app-pages-browser)/./node_modules/next/dist/compiled/react-dom/cjs/react-dom.development.js:18472:16)
    at beginWork (webpack-internal:///(app-pages-browser)/./node_modules/next/dist/compiled/react-dom/cjs/react-dom.development.js:26927:14)
    at performUnitOfWork (webpack-internal:///(app-pages-browser)/./node_modules/next/dist/compiled/react-dom/cjs/react-dom.development.js:25748:12)
    at workLoopSync (webpack-internal:///(app-pages-browser)/./node_modules/next/dist/compiled/react-dom/cjs/react-dom.development.js:25464:5)
    at renderRootSync (webpack-internal:///(app-pages-browser)/./node_modules/next/dist/compiled/react-dom/cjs/react-dom.development.js:25419:7)
    at performSyncWorkOnRoot (webpack-internal:///(app-pages-browser)/./node_modules/next/dist/compiled/react-dom/cjs/react-dom.development.js:24887:20)
    at flushSyncWorkAcrossRoots_impl (webpack-internal:///(app-pages-browser)/./node_modules/next/dist/compiled/react-dom/cjs/react-dom.development.js:7758:13)
    at flushSyncWorkOnAllRoots (webpack-internal:///(app-pages-browser)/./node_modules/next/dist/compiled/react-dom/cjs/react-dom.development.js:7718:3)
    at processRootScheduleInMicrotask (webpack-internal:///(app-pages-browser)/./node_modules/next/dist/compiled/react-dom/cjs/react-dom.development.js:7863:3)
    at eval (webpack-internal:///(app-pages-browser)/./node_modules/next/dist/compiled/react-dom/cjs/react-dom.development.js:8034:7) @ webpack-internal:///(app-pages-browser)/./node_modules/next/dist/client/app-index.js:32
[  491650ms] [ERROR] IntlError: MISSING_MESSAGE: Could not resolve `dashboard.filters.lastUpdated` in messages for locale `fr`.
    at getFallbackFromErrorAndNotify (webpack-internal:///(app-pages-browser)/./node_modules/use-intl/dist/development/createFormatter-QqAaZwGD.js:159:19)
    at translateBaseFn (webpack-internal:///(app-pages-browser)/./node_modules/use-intl/dist/development/createFormatter-QqAaZwGD.js:184:14)
    at translateFn (webpack-internal:///(app-pages-browser)/./node_modules/use-intl/dist/development/createFormatter-QqAaZwGD.js:258:20)
    at ProfitabilityClient (webpack-internal:///(app-pages-browser)/./src/app/[locale]/(dashboard)/dashboard/pnl/ProfitabilityClient.tsx:175:38)
    at renderWithHooksAgain (webpack-internal:///(app-pages-browser)/./node_modules/next/dist/compiled/react-dom/cjs/react-dom.development.js:11272:16)
    at renderWithHooks (webpack-internal:///(app-pages-browser)/./node_modules/next/dist/compiled/react-dom/cjs/react-dom.development.js:11135:18)
    at updateFunctionComponent (webpack-internal:///(app-pages-browser)/./node_modules/next/dist/compiled/react-dom/cjs/react-dom.development.js:16290:20)
    at beginWork$1 (webpack-internal:///(app-pages-browser)/./node_modules/next/dist/compiled/react-dom/cjs/react-dom.development.js:18472:16)
    at beginWork (webpack-internal:///(app-pages-browser)/./node_modules/next/dist/compiled/react-dom/cjs/react-dom.development.js:26927:14)
    at performUnitOfWork (webpack-internal:///(app-pages-browser)/./node_modules/next/dist/compiled/react-dom/cjs/react-dom.development.js:25748:12)
    at workLoopSync (webpack-internal:///(app-pages-browser)/./node_modules/next/dist/compiled/react-dom/cjs/react-dom.development.js:25464:5)
    at renderRootSync (webpack-internal:///(app-pages-browser)/./node_modules/next/dist/compiled/react-dom/cjs/react-dom.development.js:25419:7)
    at performSyncWorkOnRoot (webpack-internal:///(app-pages-browser)/./node_modules/next/dist/compiled/react-dom/cjs/react-dom.development.js:24887:20)
    at flushSyncWorkAcrossRoots_impl (webpack-internal:///(app-pages-browser)/./node_modules/next/dist/compiled/react-dom/cjs/react-dom.development.js:7758:13)
    at flushSyncWorkOnAllRoots (webpack-internal:///(app-pages-browser)/./node_modules/next/dist/compiled/react-dom/cjs/react-dom.development.js:7718:3)
    at processRootScheduleInMicrotask (webpack-internal:///(app-pages-browser)/./node_modules/next/dist/compiled/react-dom/cjs/react-dom.development.js:7863:3)
    at eval (webpack-internal:///(app-pages-browser)/./node_modules/next/dist/compiled/react-dom/cjs/react-dom.development.js:8034:7) @ webpack-internal:///(app-pages-browser)/./node_modules/next/dist/client/app-index.js:32
[  492086ms] [ERROR] IntlError: MISSING_MESSAGE: Could not resolve `dashboard.filters.lastUpdated` in messages for locale `fr`.
    at getFallbackFromErrorAndNotify (webpack-internal:///(app-pages-browser)/./node_modules/use-intl/dist/development/createFormatter-QqAaZwGD.js:159:19)
    at translateBaseFn (webpack-internal:///(app-pages-browser)/./node_modules/use-intl/dist/development/createFormatter-QqAaZwGD.js:184:14)
    at translateFn (webpack-internal:///(app-pages-browser)/./node_modules/use-intl/dist/development/createFormatter-QqAaZwGD.js:258:20)
    at ProfitabilityClient (webpack-internal:///(app-pages-browser)/./src/app/[locale]/(dashboard)/dashboard/pnl/ProfitabilityClient.tsx:175:38)
    at renderWithHooks (webpack-internal:///(app-pages-browser)/./node_modules/next/dist/compiled/react-dom/cjs/react-dom.development.js:11121:18)
    at updateFunctionComponent (webpack-internal:///(app-pages-browser)/./node_modules/next/dist/compiled/react-dom/cjs/react-dom.development.js:16290:20)
    at beginWork$1 (webpack-internal:///(app-pages-browser)/./node_modules/next/dist/compiled/react-dom/cjs/react-dom.development.js:18472:16)
    at beginWork (webpack-internal:///(app-pages-browser)/./node_modules/next/dist/compiled/react-dom/cjs/react-dom.development.js:26927:14)
    at performUnitOfWork (webpack-internal:///(app-pages-browser)/./node_modules/next/dist/compiled/react-dom/cjs/react-dom.development.js:25748:12)
    at workLoopSync (webpack-internal:///(app-pages-browser)/./node_modules/next/dist/compiled/react-dom/cjs/react-dom.development.js:25464:5)
    at renderRootSync (webpack-internal:///(app-pages-browser)/./node_modules/next/dist/compiled/react-dom/cjs/react-dom.development.js:25419:7)
    at performSyncWorkOnRoot (webpack-internal:///(app-pages-browser)/./node_modules/next/dist/compiled/react-dom/cjs/react-dom.development.js:24887:20)
    at flushSyncWorkAcrossRoots_impl (webpack-internal:///(app-pages-browser)/./node_modules/next/dist/compiled/react-dom/cjs/react-dom.development.js:7758:13)
    at flushSyncWorkOnAllRoots (webpack-internal:///(app-pages-browser)/./node_modules/next/dist/compiled/react-dom/cjs/react-dom.development.js:7718:3)
    at processRootScheduleInMicrotask (webpack-internal:///(app-pages-browser)/./node_modules/next/dist/compiled/react-dom/cjs/react-dom.development.js:7863:3)
    at eval (webpack-internal:///(app-pages-browser)/./node_modules/next/dist/compiled/react-dom/cjs/react-dom.development.js:8034:7) @ webpack-internal:///(app-pages-browser)/./node_modules/next/dist/client/app-index.js:32
[  492087ms] [ERROR] IntlError: MISSING_MESSAGE: Could not resolve `dashboard.filters.lastUpdated` in messages for locale `fr`.
    at getFallbackFromErrorAndNotify (webpack-internal:///(app-pages-browser)/./node_modules/use-intl/dist/development/createFormatter-QqAaZwGD.js:159:19)
    at translateBaseFn (webpack-internal:///(app-pages-browser)/./node_modules/use-intl/dist/development/createFormatter-QqAaZwGD.js:184:14)
    at translateFn (webpack-internal:///(app-pages-browser)/./node_modules/use-intl/dist/development/createFormatter-QqAaZwGD.js:258:20)
    at ProfitabilityClient (webpack-internal:///(app-pages-browser)/./src/app/[locale]/(dashboard)/dashboard/pnl/ProfitabilityClient.tsx:175:38)
    at renderWithHooksAgain (webpack-internal:///(app-pages-browser)/./node_modules/next/dist/compiled/react-dom/cjs/react-dom.development.js:11272:16)
    at renderWithHooks (webpack-internal:///(app-pages-browser)/./node_modules/next/dist/compiled/react-dom/cjs/react-dom.development.js:11135:18)
    at updateFunctionComponent (webpack-internal:///(app-pages-browser)/./node_modules/next/dist/compiled/react-dom/cjs/react-dom.development.js:16290:20)
    at beginWork$1 (webpack-internal:///(app-pages-browser)/./node_modules/next/dist/compiled/react-dom/cjs/react-dom.development.js:18472:16)
    at beginWork (webpack-internal:///(app-pages-browser)/./node_modules/next/dist/compiled/react-dom/cjs/react-dom.development.js:26927:14)
    at performUnitOfWork (webpack-internal:///(app-pages-browser)/./node_modules/next/dist/compiled/react-dom/cjs/react-dom.development.js:25748:12)
    at workLoopSync (webpack-internal:///(app-pages-browser)/./node_modules/next/dist/compiled/react-dom/cjs/react-dom.development.js:25464:5)
    at renderRootSync (webpack-internal:///(app-pages-browser)/./node_modules/next/dist/compiled/react-dom/cjs/react-dom.development.js:25419:7)
    at performSyncWorkOnRoot (webpack-internal:///(app-pages-browser)/./node_modules/next/dist/compiled/react-dom/cjs/react-dom.development.js:24887:20)
    at flushSyncWorkAcrossRoots_impl (webpack-internal:///(app-pages-browser)/./node_modules/next/dist/compiled/react-dom/cjs/react-dom.development.js:7758:13)
    at flushSyncWorkOnAllRoots (webpack-internal:///(app-pages-browser)/./node_modules/next/dist/compiled/react-dom/cjs/react-dom.development.js:7718:3)
    at processRootScheduleInMicrotask (webpack-internal:///(app-pages-browser)/./node_modules/next/dist/compiled/react-dom/cjs/react-dom.development.js:7863:3)
    at eval (webpack-internal:///(app-pages-browser)/./node_modules/next/dist/compiled/react-dom/cjs/react-dom.development.js:8034:7) @ webpack-internal:///(app-pages-browser)/./node_modules/next/dist/client/app-index.js:32
[  495324ms] [ERROR] IntlError: MISSING_MESSAGE: Could not resolve `dashboard.filters.lastUpdated` in messages for locale `fr`.
    at getFallbackFromErrorAndNotify (webpack-internal:///(app-pages-browser)/./node_modules/use-intl/dist/development/createFormatter-QqAaZwGD.js:159:19)
    at translateBaseFn (webpack-internal:///(app-pages-browser)/./node_modules/use-intl/dist/development/createFormatter-QqAaZwGD.js:184:14)
    at translateFn (webpack-internal:///(app-pages-browser)/./node_modules/use-intl/dist/development/createFormatter-QqAaZwGD.js:258:20)
    at ProfitabilityClient (webpack-internal:///(app-pages-browser)/./src/app/[locale]/(dashboard)/dashboard/pnl/ProfitabilityClient.tsx:175:38)
    at renderWithHooks (webpack-internal:///(app-pages-browser)/./node_modules/next/dist/compiled/react-dom/cjs/react-dom.development.js:11121:18)
    at updateFunctionComponent (webpack-internal:///(app-pages-browser)/./node_modules/next/dist/compiled/react-dom/cjs/react-dom.development.js:16290:20)
    at beginWork$1 (webpack-internal:///(app-pages-browser)/./node_modules/next/dist/compiled/react-dom/cjs/react-dom.development.js:18472:16)
    at beginWork (webpack-internal:///(app-pages-browser)/./node_modules/next/dist/compiled/react-dom/cjs/react-dom.development.js:26927:14)
    at performUnitOfWork (webpack-internal:///(app-pages-browser)/./node_modules/next/dist/compiled/react-dom/cjs/react-dom.development.js:25748:12)
    at workLoopSync (webpack-internal:///(app-pages-browser)/./node_modules/next/dist/compiled/react-dom/cjs/react-dom.development.js:25464:5)
    at renderRootSync (webpack-internal:///(app-pages-browser)/./node_modules/next/dist/compiled/react-dom/cjs/react-dom.development.js:25419:7)
    at performSyncWorkOnRoot (webpack-internal:///(app-pages-browser)/./node_modules/next/dist/compiled/react-dom/cjs/react-dom.development.js:24887:20)
    at flushSyncWorkAcrossRoots_impl (webpack-internal:///(app-pages-browser)/./node_modules/next/dist/compiled/react-dom/cjs/react-dom.development.js:7758:13)
    at flushSyncWorkOnAllRoots (webpack-internal:///(app-pages-browser)/./node_modules/next/dist/compiled/react-dom/cjs/react-dom.development.js:7718:3)
    at processRootScheduleInMicrotask (webpack-internal:///(app-pages-browser)/./node_modules/next/dist/compiled/react-dom/cjs/react-dom.development.js:7863:3)
    at eval (webpack-internal:///(app-pages-browser)/./node_modules/next/dist/compiled/react-dom/cjs/react-dom.development.js:8034:7) @ webpack-internal:///(app-pages-browser)/./node_modules/next/dist/client/app-index.js:32
[  495325ms] [ERROR] IntlError: MISSING_MESSAGE: Could not resolve `dashboard.filters.lastUpdated` in messages for locale `fr`.
    at getFallbackFromErrorAndNotify (webpack-internal:///(app-pages-browser)/./node_modules/use-intl/dist/development/createFormatter-QqAaZwGD.js:159:19)
    at translateBaseFn (webpack-internal:///(app-pages-browser)/./node_modules/use-intl/dist/development/createFormatter-QqAaZwGD.js:184:14)
    at translateFn (webpack-internal:///(app-pages-browser)/./node_modules/use-intl/dist/development/createFormatter-QqAaZwGD.js:258:20)
    at ProfitabilityClient (webpack-internal:///(app-pages-browser)/./src/app/[locale]/(dashboard)/dashboard/pnl/ProfitabilityClient.tsx:175:38)
    at renderWithHooksAgain (webpack-internal:///(app-pages-browser)/./node_modules/next/dist/compiled/react-dom/cjs/react-dom.development.js:11272:16)
    at renderWithHooks (webpack-internal:///(app-pages-browser)/./node_modules/next/dist/compiled/react-dom/cjs/react-dom.development.js:11135:18)
    at updateFunctionComponent (webpack-internal:///(app-pages-browser)/./node_modules/next/dist/compiled/react-dom/cjs/react-dom.development.js:16290:20)
    at beginWork$1 (webpack-internal:///(app-pages-browser)/./node_modules/next/dist/compiled/react-dom/cjs/react-dom.development.js:18472:16)
    at beginWork (webpack-internal:///(app-pages-browser)/./node_modules/next/dist/compiled/react-dom/cjs/react-dom.development.js:26927:14)
    at performUnitOfWork (webpack-internal:///(app-pages-browser)/./node_modules/next/dist/compiled/react-dom/cjs/react-dom.development.js:25748:12)
    at workLoopSync (webpack-internal:///(app-pages-browser)/./node_modules/next/dist/compiled/react-dom/cjs/react-dom.development.js:25464:5)
    at renderRootSync (webpack-internal:///(app-pages-browser)/./node_modules/next/dist/compiled/react-dom/cjs/react-dom.development.js:25419:7)
    at performSyncWorkOnRoot (webpack-internal:///(app-pages-browser)/./node_modules/next/dist/compiled/react-dom/cjs/react-dom.development.js:24887:20)
    at flushSyncWorkAcrossRoots_impl (webpack-internal:///(app-pages-browser)/./node_modules/next/dist/compiled/react-dom/cjs/react-dom.development.js:7758:13)
    at flushSyncWorkOnAllRoots (webpack-internal:///(app-pages-browser)/./node_modules/next/dist/compiled/react-dom/cjs/react-dom.development.js:7718:3)
    at processRootScheduleInMicrotask (webpack-internal:///(app-pages-browser)/./node_modules/next/dist/compiled/react-dom/cjs/react-dom.development.js:7863:3)
    at eval (webpack-internal:///(app-pages-browser)/./node_modules/next/dist/compiled/react-dom/cjs/react-dom.development.js:8034:7) @ webpack-internal:///(app-pages-browser)/./node_modules/next/dist/client/app-index.js:32
[  496173ms] [ERROR] IntlError: MISSING_MESSAGE: Could not resolve `dashboard.filters.lastUpdated` in messages for locale `fr`.
    at getFallbackFromErrorAndNotify (webpack-internal:///(app-pages-browser)/./node_modules/use-intl/dist/development/createFormatter-QqAaZwGD.js:159:19)
    at translateBaseFn (webpack-internal:///(app-pages-browser)/./node_modules/use-intl/dist/development/createFormatter-QqAaZwGD.js:184:14)
    at translateFn (webpack-internal:///(app-pages-browser)/./node_modules/use-intl/dist/development/createFormatter-QqAaZwGD.js:258:20)
    at ProfitabilityClient (webpack-internal:///(app-pages-browser)/./src/app/[locale]/(dashboard)/dashboard/pnl/ProfitabilityClient.tsx:175:38)
    at renderWithHooks (webpack-internal:///(app-pages-browser)/./node_modules/next/dist/compiled/react-dom/cjs/react-dom.development.js:11121:18)
    at updateFunctionComponent (webpack-internal:///(app-pages-browser)/./node_modules/next/dist/compiled/react-dom/cjs/react-dom.development.js:16290:20)
    at beginWork$1 (webpack-internal:///(app-pages-browser)/./node_modules/next/dist/compiled/react-dom/cjs/react-dom.development.js:18472:16)
    at beginWork (webpack-internal:///(app-pages-browser)/./node_modules/next/dist/compiled/react-dom/cjs/react-dom.development.js:26927:14)
    at performUnitOfWork (webpack-internal:///(app-pages-browser)/./node_modules/next/dist/compiled/react-dom/cjs/react-dom.development.js:25748:12)
    at workLoopSync (webpack-internal:///(app-pages-browser)/./node_modules/next/dist/compiled/react-dom/cjs/react-dom.development.js:25464:5)
    at renderRootSync (webpack-internal:///(app-pages-browser)/./node_modules/next/dist/compiled/react-dom/cjs/react-dom.development.js:25419:7)
    at performSyncWorkOnRoot (webpack-internal:///(app-pages-browser)/./node_modules/next/dist/compiled/react-dom/cjs/react-dom.development.js:24887:20)
    at flushSyncWorkAcrossRoots_impl (webpack-internal:///(app-pages-browser)/./node_modules/next/dist/compiled/react-dom/cjs/react-dom.development.js:7758:13)
    at flushSyncWorkOnAllRoots (webpack-internal:///(app-pages-browser)/./node_modules/next/dist/compiled/react-dom/cjs/react-dom.development.js:7718:3)
    at processRootScheduleInMicrotask (webpack-internal:///(app-pages-browser)/./node_modules/next/dist/compiled/react-dom/cjs/react-dom.development.js:7863:3)
    at eval (webpack-internal:///(app-pages-browser)/./node_modules/next/dist/compiled/react-dom/cjs/react-dom.development.js:8034:7) @ webpack-internal:///(app-pages-browser)/./node_modules/next/dist/client/app-index.js:32
[  496174ms] [ERROR] IntlError: MISSING_MESSAGE: Could not resolve `dashboard.filters.lastUpdated` in messages for locale `fr`.
    at getFallbackFromErrorAndNotify (webpack-internal:///(app-pages-browser)/./node_modules/use-intl/dist/development/createFormatter-QqAaZwGD.js:159:19)
    at translateBaseFn (webpack-internal:///(app-pages-browser)/./node_modules/use-intl/dist/development/createFormatter-QqAaZwGD.js:184:14)
    at translateFn (webpack-internal:///(app-pages-browser)/./node_modules/use-intl/dist/development/createFormatter-QqAaZwGD.js:258:20)
    at ProfitabilityClient (webpack-internal:///(app-pages-browser)/./src/app/[locale]/(dashboard)/dashboard/pnl/ProfitabilityClient.tsx:175:38)
    at renderWithHooksAgain (webpack-internal:///(app-pages-browser)/./node_modules/next/dist/compiled/react-dom/cjs/react-dom.development.js:11272:16)
    at renderWithHooks (webpack-internal:///(app-pages-browser)/./node_modules/next/dist/compiled/react-dom/cjs/react-dom.development.js:11135:18)
    at updateFunctionComponent (webpack-internal:///(app-pages-browser)/./node_modules/next/dist/compiled/react-dom/cjs/react-dom.development.js:16290:20)
    at beginWork$1 (webpack-internal:///(app-pages-browser)/./node_modules/next/dist/compiled/react-dom/cjs/react-dom.development.js:18472:16)
    at beginWork (webpack-internal:///(app-pages-browser)/./node_modules/next/dist/compiled/react-dom/cjs/react-dom.development.js:26927:14)
    at performUnitOfWork (webpack-internal:///(app-pages-browser)/./node_modules/next/dist/compiled/react-dom/cjs/react-dom.development.js:25748:12)
    at workLoopSync (webpack-internal:///(app-pages-browser)/./node_modules/next/dist/compiled/react-dom/cjs/react-dom.development.js:25464:5)
    at renderRootSync (webpack-internal:///(app-pages-browser)/./node_modules/next/dist/compiled/react-dom/cjs/react-dom.development.js:25419:7)
    at performSyncWorkOnRoot (webpack-internal:///(app-pages-browser)/./node_modules/next/dist/compiled/react-dom/cjs/react-dom.development.js:24887:20)
    at flushSyncWorkAcrossRoots_impl (webpack-internal:///(app-pages-browser)/./node_modules/next/dist/compiled/react-dom/cjs/react-dom.development.js:7758:13)
    at flushSyncWorkOnAllRoots (webpack-internal:///(app-pages-browser)/./node_modules/next/dist/compiled/react-dom/cjs/react-dom.development.js:7718:3)
    at processRootScheduleInMicrotask (webpack-internal:///(app-pages-browser)/./node_modules/next/dist/compiled/react-dom/cjs/react-dom.development.js:7863:3)
    at eval (webpack-internal:///(app-pages-browser)/./node_modules/next/dist/compiled/react-dom/cjs/react-dom.development.js:8034:7) @ webpack-internal:///(app-pages-browser)/./node_modules/next/dist/client/app-index.js:32
[  496854ms] [ERROR] IntlError: MISSING_MESSAGE: Could not resolve `dashboard.filters.lastUpdated` in messages for locale `fr`.
    at getFallbackFromErrorAndNotify (webpack-internal:///(app-pages-browser)/./node_modules/use-intl/dist/development/createFormatter-QqAaZwGD.js:159:19)
    at translateBaseFn (webpack-internal:///(app-pages-browser)/./node_modules/use-intl/dist/development/createFormatter-QqAaZwGD.js:184:14)
    at translateFn (webpack-internal:///(app-pages-browser)/./node_modules/use-intl/dist/development/createFormatter-QqAaZwGD.js:258:20)
    at ProfitabilityClient (webpack-internal:///(app-pages-browser)/./src/app/[locale]/(dashboard)/dashboard/pnl/ProfitabilityClient.tsx:175:38)
    at renderWithHooks (webpack-internal:///(app-pages-browser)/./node_modules/next/dist/compiled/react-dom/cjs/react-dom.development.js:11121:18)
    at updateFunctionComponent (webpack-internal:///(app-pages-browser)/./node_modules/next/dist/compiled/react-dom/cjs/react-dom.development.js:16290:20)
    at beginWork$1 (webpack-internal:///(app-pages-browser)/./node_modules/next/dist/compiled/react-dom/cjs/react-dom.development.js:18472:16)
    at beginWork (webpack-internal:///(app-pages-browser)/./node_modules/next/dist/compiled/react-dom/cjs/react-dom.development.js:26927:14)
    at performUnitOfWork (webpack-internal:///(app-pages-browser)/./node_modules/next/dist/compiled/react-dom/cjs/react-dom.development.js:25748:12)
    at workLoopSync (webpack-internal:///(app-pages-browser)/./node_modules/next/dist/compiled/react-dom/cjs/react-dom.development.js:25464:5)
    at renderRootSync (webpack-internal:///(app-pages-browser)/./node_modules/next/dist/compiled/react-dom/cjs/react-dom.development.js:25419:7)
    at performSyncWorkOnRoot (webpack-internal:///(app-pages-browser)/./node_modules/next/dist/compiled/react-dom/cjs/react-dom.development.js:24887:20)
    at flushSyncWorkAcrossRoots_impl (webpack-internal:///(app-pages-browser)/./node_modules/next/dist/compiled/react-dom/cjs/react-dom.development.js:7758:13)
    at flushSyncWorkOnAllRoots (webpack-internal:///(app-pages-browser)/./node_modules/next/dist/compiled/react-dom/cjs/react-dom.development.js:7718:3)
    at processRootScheduleInMicrotask (webpack-internal:///(app-pages-browser)/./node_modules/next/dist/compiled/react-dom/cjs/react-dom.development.js:7863:3)
    at eval (webpack-internal:///(app-pages-browser)/./node_modules/next/dist/compiled/react-dom/cjs/react-dom.development.js:8034:7) @ webpack-internal:///(app-pages-browser)/./node_modules/next/dist/client/app-index.js:32
[  496855ms] [ERROR] IntlError: MISSING_MESSAGE: Could not resolve `dashboard.filters.lastUpdated` in messages for locale `fr`.
    at getFallbackFromErrorAndNotify (webpack-internal:///(app-pages-browser)/./node_modules/use-intl/dist/development/createFormatter-QqAaZwGD.js:159:19)
    at translateBaseFn (webpack-internal:///(app-pages-browser)/./node_modules/use-intl/dist/development/createFormatter-QqAaZwGD.js:184:14)
    at translateFn (webpack-internal:///(app-pages-browser)/./node_modules/use-intl/dist/development/createFormatter-QqAaZwGD.js:258:20)
    at ProfitabilityClient (webpack-internal:///(app-pages-browser)/./src/app/[locale]/(dashboard)/dashboard/pnl/ProfitabilityClient.tsx:175:38)
    at renderWithHooksAgain (webpack-internal:///(app-pages-browser)/./node_modules/next/dist/compiled/react-dom/cjs/react-dom.development.js:11272:16)
    at renderWithHooks (webpack-internal:///(app-pages-browser)/./node_modules/next/dist/compiled/react-dom/cjs/react-dom.development.js:11135:18)
    at updateFunctionComponent (webpack-internal:///(app-pages-browser)/./node_modules/next/dist/compiled/react-dom/cjs/react-dom.development.js:16290:20)
    at beginWork$1 (webpack-internal:///(app-pages-browser)/./node_modules/next/dist/compiled/react-dom/cjs/react-dom.development.js:18472:16)
    at beginWork (webpack-internal:///(app-pages-browser)/./node_modules/next/dist/compiled/react-dom/cjs/react-dom.development.js:26927:14)
    at performUnitOfWork (webpack-internal:///(app-pages-browser)/./node_modules/next/dist/compiled/react-dom/cjs/react-dom.development.js:25748:12)
    at workLoopSync (webpack-internal:///(app-pages-browser)/./node_modules/next/dist/compiled/react-dom/cjs/react-dom.development.js:25464:5)
    at renderRootSync (webpack-internal:///(app-pages-browser)/./node_modules/next/dist/compiled/react-dom/cjs/react-dom.development.js:25419:7)
    at performSyncWorkOnRoot (webpack-internal:///(app-pages-browser)/./node_modules/next/dist/compiled/react-dom/cjs/react-dom.development.js:24887:20)
    at flushSyncWorkAcrossRoots_impl (webpack-internal:///(app-pages-browser)/./node_modules/next/dist/compiled/react-dom/cjs/react-dom.development.js:7758:13)
    at flushSyncWorkOnAllRoots (webpack-internal:///(app-pages-browser)/./node_modules/next/dist/compiled/react-dom/cjs/react-dom.development.js:7718:3)
    at processRootScheduleInMicrotask (webpack-internal:///(app-pages-browser)/./node_modules/next/dist/compiled/react-dom/cjs/react-dom.development.js:7863:3)
    at eval (webpack-internal:///(app-pages-browser)/./node_modules/next/dist/compiled/react-dom/cjs/react-dom.development.js:8034:7) @ webpack-internal:///(app-pages-browser)/./node_modules/next/dist/client/app-index.js:32
[  497515ms] [ERROR] IntlError: MISSING_MESSAGE: Could not resolve `dashboard.filters.lastUpdated` in messages for locale `fr`.
    at getFallbackFromErrorAndNotify (webpack-internal:///(app-pages-browser)/./node_modules/use-intl/dist/development/createFormatter-QqAaZwGD.js:159:19)
    at translateBaseFn (webpack-internal:///(app-pages-browser)/./node_modules/use-intl/dist/development/createFormatter-QqAaZwGD.js:184:14)
    at translateFn (webpack-internal:///(app-pages-browser)/./node_modules/use-intl/dist/development/createFormatter-QqAaZwGD.js:258:20)
    at ProfitabilityClient (webpack-internal:///(app-pages-browser)/./src/app/[locale]/(dashboard)/dashboard/pnl/ProfitabilityClient.tsx:175:38)
    at renderWithHooks (webpack-internal:///(app-pages-browser)/./node_modules/next/dist/compiled/react-dom/cjs/react-dom.development.js:11121:18)
    at updateFunctionComponent (webpack-internal:///(app-pages-browser)/./node_modules/next/dist/compiled/react-dom/cjs/react-dom.development.js:16290:20)
    at beginWork$1 (webpack-internal:///(app-pages-browser)/./node_modules/next/dist/compiled/react-dom/cjs/react-dom.development.js:18472:16)
    at beginWork (webpack-internal:///(app-pages-browser)/./node_modules/next/dist/compiled/react-dom/cjs/react-dom.development.js:26927:14)
    at performUnitOfWork (webpack-internal:///(app-pages-browser)/./node_modules/next/dist/compiled/react-dom/cjs/react-dom.development.js:25748:12)
    at workLoopSync (webpack-internal:///(app-pages-browser)/./node_modules/next/dist/compiled/react-dom/cjs/react-dom.development.js:25464:5)
    at renderRootSync (webpack-internal:///(app-pages-browser)/./node_modules/next/dist/compiled/react-dom/cjs/react-dom.development.js:25419:7)
    at performSyncWorkOnRoot (webpack-internal:///(app-pages-browser)/./node_modules/next/dist/compiled/react-dom/cjs/react-dom.development.js:24887:20)
    at flushSyncWorkAcrossRoots_impl (webpack-internal:///(app-pages-browser)/./node_modules/next/dist/compiled/react-dom/cjs/react-dom.development.js:7758:13)
    at flushSyncWorkOnAllRoots (webpack-internal:///(app-pages-browser)/./node_modules/next/dist/compiled/react-dom/cjs/react-dom.development.js:7718:3)
    at processRootScheduleInMicrotask (webpack-internal:///(app-pages-browser)/./node_modules/next/dist/compiled/react-dom/cjs/react-dom.development.js:7863:3)
    at eval (webpack-internal:///(app-pages-browser)/./node_modules/next/dist/compiled/react-dom/cjs/react-dom.development.js:8034:7) @ webpack-internal:///(app-pages-browser)/./node_modules/next/dist/client/app-index.js:32
[  497516ms] [ERROR] IntlError: MISSING_MESSAGE: Could not resolve `dashboard.filters.lastUpdated` in messages for locale `fr`.
    at getFallbackFromErrorAndNotify (webpack-internal:///(app-pages-browser)/./node_modules/use-intl/dist/development/createFormatter-QqAaZwGD.js:159:19)
    at translateBaseFn (webpack-internal:///(app-pages-browser)/./node_modules/use-intl/dist/development/createFormatter-QqAaZwGD.js:184:14)
    at translateFn (webpack-internal:///(app-pages-browser)/./node_modules/use-intl/dist/development/createFormatter-QqAaZwGD.js:258:20)
    at ProfitabilityClient (webpack-internal:///(app-pages-browser)/./src/app/[locale]/(dashboard)/dashboard/pnl/ProfitabilityClient.tsx:175:38)
    at renderWithHooksAgain (webpack-internal:///(app-pages-browser)/./node_modules/next/dist/compiled/react-dom/cjs/react-dom.development.js:11272:16)
    at renderWithHooks (webpack-internal:///(app-pages-browser)/./node_modules/next/dist/compiled/react-dom/cjs/react-dom.development.js:11135:18)
    at updateFunctionComponent (webpack-internal:///(app-pages-browser)/./node_modules/next/dist/compiled/react-dom/cjs/react-dom.development.js:16290:20)
    at beginWork$1 (webpack-internal:///(app-pages-browser)/./node_modules/next/dist/compiled/react-dom/cjs/react-dom.development.js:18472:16)
    at beginWork (webpack-internal:///(app-pages-browser)/./node_modules/next/dist/compiled/react-dom/cjs/react-dom.development.js:26927:14)
    at performUnitOfWork (webpack-internal:///(app-pages-browser)/./node_modules/next/dist/compiled/react-dom/cjs/react-dom.development.js:25748:12)
    at workLoopSync (webpack-internal:///(app-pages-browser)/./node_modules/next/dist/compiled/react-dom/cjs/react-dom.development.js:25464:5)
    at renderRootSync (webpack-internal:///(app-pages-browser)/./node_modules/next/dist/compiled/react-dom/cjs/react-dom.development.js:25419:7)
    at performSyncWorkOnRoot (webpack-internal:///(app-pages-browser)/./node_modules/next/dist/compiled/react-dom/cjs/react-dom.development.js:24887:20)
    at flushSyncWorkAcrossRoots_impl (webpack-internal:///(app-pages-browser)/./node_modules/next/dist/compiled/react-dom/cjs/react-dom.development.js:7758:13)
    at flushSyncWorkOnAllRoots (webpack-internal:///(app-pages-browser)/./node_modules/next/dist/compiled/react-dom/cjs/react-dom.development.js:7718:3)
    at processRootScheduleInMicrotask (webpack-internal:///(app-pages-browser)/./node_modules/next/dist/compiled/react-dom/cjs/react-dom.development.js:7863:3)
    at eval (webpack-internal:///(app-pages-browser)/./node_modules/next/dist/compiled/react-dom/cjs/react-dom.development.js:8034:7) @ webpack-internal:///(app-pages-browser)/./node_modules/next/dist/client/app-index.js:32
[  498723ms] [ERROR] IntlError: MISSING_MESSAGE: Could not resolve `dashboard.filters.lastUpdated` in messages for locale `fr`.
    at getFallbackFromErrorAndNotify (webpack-internal:///(app-pages-browser)/./node_modules/use-intl/dist/development/createFormatter-QqAaZwGD.js:159:19)
    at translateBaseFn (webpack-internal:///(app-pages-browser)/./node_modules/use-intl/dist/development/createFormatter-QqAaZwGD.js:184:14)
    at translateFn (webpack-internal:///(app-pages-browser)/./node_modules/use-intl/dist/development/createFormatter-QqAaZwGD.js:258:20)
    at ProfitabilityClient (webpack-internal:///(app-pages-browser)/./src/app/[locale]/(dashboard)/dashboard/pnl/ProfitabilityClient.tsx:175:38)
    at renderWithHooks (webpack-internal:///(app-pages-browser)/./node_modules/next/dist/compiled/react-dom/cjs/react-dom.development.js:11121:18)
    at updateFunctionComponent (webpack-internal:///(app-pages-browser)/./node_modules/next/dist/compiled/react-dom/cjs/react-dom.development.js:16290:20)
    at beginWork$1 (webpack-internal:///(app-pages-browser)/./node_modules/next/dist/compiled/react-dom/cjs/react-dom.development.js:18472:16)
    at beginWork (webpack-internal:///(app-pages-browser)/./node_modules/next/dist/compiled/react-dom/cjs/react-dom.development.js:26927:14)
    at performUnitOfWork (webpack-internal:///(app-pages-browser)/./node_modules/next/dist/compiled/react-dom/cjs/react-dom.development.js:25748:12)
    at workLoopSync (webpack-internal:///(app-pages-browser)/./node_modules/next/dist/compiled/react-dom/cjs/react-dom.development.js:25464:5)
    at renderRootSync (webpack-internal:///(app-pages-browser)/./node_modules/next/dist/compiled/react-dom/cjs/react-dom.development.js:25419:7)
    at performSyncWorkOnRoot (webpack-internal:///(app-pages-browser)/./node_modules/next/dist/compiled/react-dom/cjs/react-dom.development.js:24887:20)
    at flushSyncWorkAcrossRoots_impl (webpack-internal:///(app-pages-browser)/./node_modules/next/dist/compiled/react-dom/cjs/react-dom.development.js:7758:13)
    at flushSyncWorkOnAllRoots (webpack-internal:///(app-pages-browser)/./node_modules/next/dist/compiled/react-dom/cjs/react-dom.development.js:7718:3)
    at processRootScheduleInMicrotask (webpack-internal:///(app-pages-browser)/./node_modules/next/dist/compiled/react-dom/cjs/react-dom.development.js:7863:3)
    at eval (webpack-internal:///(app-pages-browser)/./node_modules/next/dist/compiled/react-dom/cjs/react-dom.development.js:8034:7) @ webpack-internal:///(app-pages-browser)/./node_modules/next/dist/client/app-index.js:32
[  498724ms] [ERROR] IntlError: MISSING_MESSAGE: Could not resolve `dashboard.filters.lastUpdated` in messages for locale `fr`.
    at getFallbackFromErrorAndNotify (webpack-internal:///(app-pages-browser)/./node_modules/use-intl/dist/development/createFormatter-QqAaZwGD.js:159:19)
    at translateBaseFn (webpack-internal:///(app-pages-browser)/./node_modules/use-intl/dist/development/createFormatter-QqAaZwGD.js:184:14)
    at translateFn (webpack-internal:///(app-pages-browser)/./node_modules/use-intl/dist/development/createFormatter-QqAaZwGD.js:258:20)
    at ProfitabilityClient (webpack-internal:///(app-pages-browser)/./src/app/[locale]/(dashboard)/dashboard/pnl/ProfitabilityClient.tsx:175:38)
    at renderWithHooksAgain (webpack-internal:///(app-pages-browser)/./node_modules/next/dist/compiled/react-dom/cjs/react-dom.development.js:11272:16)
    at renderWithHooks (webpack-internal:///(app-pages-browser)/./node_modules/next/dist/compiled/react-dom/cjs/react-dom.development.js:11135:18)
    at updateFunctionComponent (webpack-internal:///(app-pages-browser)/./node_modules/next/dist/compiled/react-dom/cjs/react-dom.development.js:16290:20)
    at beginWork$1 (webpack-internal:///(app-pages-browser)/./node_modules/next/dist/compiled/react-dom/cjs/react-dom.development.js:18472:16)
    at beginWork (webpack-internal:///(app-pages-browser)/./node_modules/next/dist/compiled/react-dom/cjs/react-dom.development.js:26927:14)
    at performUnitOfWork (webpack-internal:///(app-pages-browser)/./node_modules/next/dist/compiled/react-dom/cjs/react-dom.development.js:25748:12)
    at workLoopSync (webpack-internal:///(app-pages-browser)/./node_modules/next/dist/compiled/react-dom/cjs/react-dom.development.js:25464:5)
    at renderRootSync (webpack-internal:///(app-pages-browser)/./node_modules/next/dist/compiled/react-dom/cjs/react-dom.development.js:25419:7)
    at performSyncWorkOnRoot (webpack-internal:///(app-pages-browser)/./node_modules/next/dist/compiled/react-dom/cjs/react-dom.development.js:24887:20)
    at flushSyncWorkAcrossRoots_impl (webpack-internal:///(app-pages-browser)/./node_modules/next/dist/compiled/react-dom/cjs/react-dom.development.js:7758:13)
    at flushSyncWorkOnAllRoots (webpack-internal:///(app-pages-browser)/./node_modules/next/dist/compiled/react-dom/cjs/react-dom.development.js:7718:3)
    at processRootScheduleInMicrotask (webpack-internal:///(app-pages-browser)/./node_modules/next/dist/compiled/react-dom/cjs/react-dom.development.js:7863:3)
    at eval (webpack-internal:///(app-pages-browser)/./node_modules/next/dist/compiled/react-dom/cjs/react-dom.development.js:8034:7) @ webpack-internal:///(app-pages-browser)/./node_modules/next/dist/client/app-index.js:32
[  499311ms] [ERROR] IntlError: MISSING_MESSAGE: Could not resolve `dashboard.filters.lastUpdated` in messages for locale `fr`.
    at getFallbackFromErrorAndNotify (webpack-internal:///(app-pages-browser)/./node_modules/use-intl/dist/development/createFormatter-QqAaZwGD.js:159:19)
    at translateBaseFn (webpack-internal:///(app-pages-browser)/./node_modules/use-intl/dist/development/createFormatter-QqAaZwGD.js:184:14)
    at translateFn (webpack-internal:///(app-pages-browser)/./node_modules/use-intl/dist/development/createFormatter-QqAaZwGD.js:258:20)
    at ProfitabilityClient (webpack-internal:///(app-pages-browser)/./src/app/[locale]/(dashboard)/dashboard/pnl/ProfitabilityClient.tsx:175:38)
    at renderWithHooks (webpack-internal:///(app-pages-browser)/./node_modules/next/dist/compiled/react-dom/cjs/react-dom.development.js:11121:18)
    at updateFunctionComponent (webpack-internal:///(app-pages-browser)/./node_modules/next/dist/compiled/react-dom/cjs/react-dom.development.js:16290:20)
    at beginWork$1 (webpack-internal:///(app-pages-browser)/./node_modules/next/dist/compiled/react-dom/cjs/react-dom.development.js:18472:16)
    at beginWork (webpack-internal:///(app-pages-browser)/./node_modules/next/dist/compiled/react-dom/cjs/react-dom.development.js:26927:14)
    at performUnitOfWork (webpack-internal:///(app-pages-browser)/./node_modules/next/dist/compiled/react-dom/cjs/react-dom.development.js:25748:12)
    at workLoopSync (webpack-internal:///(app-pages-browser)/./node_modules/next/dist/compiled/react-dom/cjs/react-dom.development.js:25464:5)
    at renderRootSync (webpack-internal:///(app-pages-browser)/./node_modules/next/dist/compiled/react-dom/cjs/react-dom.development.js:25419:7)
    at performSyncWorkOnRoot (webpack-internal:///(app-pages-browser)/./node_modules/next/dist/compiled/react-dom/cjs/react-dom.development.js:24887:20)
    at flushSyncWorkAcrossRoots_impl (webpack-internal:///(app-pages-browser)/./node_modules/next/dist/compiled/react-dom/cjs/react-dom.development.js:7758:13)
    at flushSyncWorkOnAllRoots (webpack-internal:///(app-pages-browser)/./node_modules/next/dist/compiled/react-dom/cjs/react-dom.development.js:7718:3)
    at processRootScheduleInMicrotask (webpack-internal:///(app-pages-browser)/./node_modules/next/dist/compiled/react-dom/cjs/react-dom.development.js:7863:3)
    at eval (webpack-internal:///(app-pages-browser)/./node_modules/next/dist/compiled/react-dom/cjs/react-dom.development.js:8034:7) @ webpack-internal:///(app-pages-browser)/./node_modules/next/dist/client/app-index.js:32
[  499312ms] [ERROR] IntlError: MISSING_MESSAGE: Could not resolve `dashboard.filters.lastUpdated` in messages for locale `fr`.
    at getFallbackFromErrorAndNotify (webpack-internal:///(app-pages-browser)/./node_modules/use-intl/dist/development/createFormatter-QqAaZwGD.js:159:19)
    at translateBaseFn (webpack-internal:///(app-pages-browser)/./node_modules/use-intl/dist/development/createFormatter-QqAaZwGD.js:184:14)
    at translateFn (webpack-internal:///(app-pages-browser)/./node_modules/use-intl/dist/development/createFormatter-QqAaZwGD.js:258:20)
    at ProfitabilityClient (webpack-internal:///(app-pages-browser)/./src/app/[locale]/(dashboard)/dashboard/pnl/ProfitabilityClient.tsx:175:38)
    at renderWithHooksAgain (webpack-internal:///(app-pages-browser)/./node_modules/next/dist/compiled/react-dom/cjs/react-dom.development.js:11272:16)
    at renderWithHooks (webpack-internal:///(app-pages-browser)/./node_modules/next/dist/compiled/react-dom/cjs/react-dom.development.js:11135:18)
    at updateFunctionComponent (webpack-internal:///(app-pages-browser)/./node_modules/next/dist/compiled/react-dom/cjs/react-dom.development.js:16290:20)
    at beginWork$1 (webpack-internal:///(app-pages-browser)/./node_modules/next/dist/compiled/react-dom/cjs/react-dom.development.js:18472:16)
    at beginWork (webpack-internal:///(app-pages-browser)/./node_modules/next/dist/compiled/react-dom/cjs/react-dom.development.js:26927:14)
    at performUnitOfWork (webpack-internal:///(app-pages-browser)/./node_modules/next/dist/compiled/react-dom/cjs/react-dom.development.js:25748:12)
    at workLoopSync (webpack-internal:///(app-pages-browser)/./node_modules/next/dist/compiled/react-dom/cjs/react-dom.development.js:25464:5)
    at renderRootSync (webpack-internal:///(app-pages-browser)/./node_modules/next/dist/compiled/react-dom/cjs/react-dom.development.js:25419:7)
    at performSyncWorkOnRoot (webpack-internal:///(app-pages-browser)/./node_modules/next/dist/compiled/react-dom/cjs/react-dom.development.js:24887:20)
    at flushSyncWorkAcrossRoots_impl (webpack-internal:///(app-pages-browser)/./node_modules/next/dist/compiled/react-dom/cjs/react-dom.development.js:7758:13)
    at flushSyncWorkOnAllRoots (webpack-internal:///(app-pages-browser)/./node_modules/next/dist/compiled/react-dom/cjs/react-dom.development.js:7718:3)
    at processRootScheduleInMicrotask (webpack-internal:///(app-pages-browser)/./node_modules/next/dist/compiled/react-dom/cjs/react-dom.development.js:7863:3)
    at eval (webpack-internal:///(app-pages-browser)/./node_modules/next/dist/compiled/react-dom/cjs/react-dom.development.js:8034:7) @ webpack-internal:///(app-pages-browser)/./node_modules/next/dist/client/app-index.js:32
[  503960ms] [ERROR] IntlError: MISSING_MESSAGE: Could not resolve `dashboard.filters.lastUpdated` in messages for locale `fr`.
    at getFallbackFromErrorAndNotify (webpack-internal:///(app-pages-browser)/./node_modules/use-intl/dist/development/createFormatter-QqAaZwGD.js:159:19)
    at translateBaseFn (webpack-internal:///(app-pages-browser)/./node_modules/use-intl/dist/development/createFormatter-QqAaZwGD.js:184:14)
    at translateFn (webpack-internal:///(app-pages-browser)/./node_modules/use-intl/dist/development/createFormatter-QqAaZwGD.js:258:20)
    at ProfitabilityClient (webpack-internal:///(app-pages-browser)/./src/app/[locale]/(dashboard)/dashboard/pnl/ProfitabilityClient.tsx:175:38)
    at renderWithHooks (webpack-internal:///(app-pages-browser)/./node_modules/next/dist/compiled/react-dom/cjs/react-dom.development.js:11121:18)
    at updateFunctionComponent (webpack-internal:///(app-pages-browser)/./node_modules/next/dist/compiled/react-dom/cjs/react-dom.development.js:16290:20)
    at beginWork$1 (webpack-internal:///(app-pages-browser)/./node_modules/next/dist/compiled/react-dom/cjs/react-dom.development.js:18472:16)
    at beginWork (webpack-internal:///(app-pages-browser)/./node_modules/next/dist/compiled/react-dom/cjs/react-dom.development.js:26927:14)
    at performUnitOfWork (webpack-internal:///(app-pages-browser)/./node_modules/next/dist/compiled/react-dom/cjs/react-dom.development.js:25748:12)
    at workLoopSync (webpack-internal:///(app-pages-browser)/./node_modules/next/dist/compiled/react-dom/cjs/react-dom.development.js:25464:5)
    at renderRootSync (webpack-internal:///(app-pages-browser)/./node_modules/next/dist/compiled/react-dom/cjs/react-dom.development.js:25419:7)
    at performSyncWorkOnRoot (webpack-internal:///(app-pages-browser)/./node_modules/next/dist/compiled/react-dom/cjs/react-dom.development.js:24887:20)
    at flushSyncWorkAcrossRoots_impl (webpack-internal:///(app-pages-browser)/./node_modules/next/dist/compiled/react-dom/cjs/react-dom.development.js:7758:13)
    at flushSyncWorkOnAllRoots (webpack-internal:///(app-pages-browser)/./node_modules/next/dist/compiled/react-dom/cjs/react-dom.development.js:7718:3)
    at processRootScheduleInMicrotask (webpack-internal:///(app-pages-browser)/./node_modules/next/dist/compiled/react-dom/cjs/react-dom.development.js:7863:3)
    at eval (webpack-internal:///(app-pages-browser)/./node_modules/next/dist/compiled/react-dom/cjs/react-dom.development.js:8034:7) @ webpack-internal:///(app-pages-browser)/./node_modules/next/dist/client/app-index.js:32
[  503961ms] [ERROR] IntlError: MISSING_MESSAGE: Could not resolve `dashboard.filters.lastUpdated` in messages for locale `fr`.
    at getFallbackFromErrorAndNotify (webpack-internal:///(app-pages-browser)/./node_modules/use-intl/dist/development/createFormatter-QqAaZwGD.js:159:19)
    at translateBaseFn (webpack-internal:///(app-pages-browser)/./node_modules/use-intl/dist/development/createFormatter-QqAaZwGD.js:184:14)
    at translateFn (webpack-internal:///(app-pages-browser)/./node_modules/use-intl/dist/development/createFormatter-QqAaZwGD.js:258:20)
    at ProfitabilityClient (webpack-internal:///(app-pages-browser)/./src/app/[locale]/(dashboard)/dashboard/pnl/ProfitabilityClient.tsx:175:38)
    at renderWithHooksAgain (webpack-internal:///(app-pages-browser)/./node_modules/next/dist/compiled/react-dom/cjs/react-dom.development.js:11272:16)
    at renderWithHooks (webpack-internal:///(app-pages-browser)/./node_modules/next/dist/compiled/react-dom/cjs/react-dom.development.js:11135:18)
    at updateFunctionComponent (webpack-internal:///(app-pages-browser)/./node_modules/next/dist/compiled/react-dom/cjs/react-dom.development.js:16290:20)
    at beginWork$1 (webpack-internal:///(app-pages-browser)/./node_modules/next/dist/compiled/react-dom/cjs/react-dom.development.js:18472:16)
    at beginWork (webpack-internal:///(app-pages-browser)/./node_modules/next/dist/compiled/react-dom/cjs/react-dom.development.js:26927:14)
    at performUnitOfWork (webpack-internal:///(app-pages-browser)/./node_modules/next/dist/compiled/react-dom/cjs/react-dom.development.js:25748:12)
    at workLoopSync (webpack-internal:///(app-pages-browser)/./node_modules/next/dist/compiled/react-dom/cjs/react-dom.development.js:25464:5)
    at renderRootSync (webpack-internal:///(app-pages-browser)/./node_modules/next/dist/compiled/react-dom/cjs/react-dom.development.js:25419:7)
    at performSyncWorkOnRoot (webpack-internal:///(app-pages-browser)/./node_modules/next/dist/compiled/react-dom/cjs/react-dom.development.js:24887:20)
    at flushSyncWorkAcrossRoots_impl (webpack-internal:///(app-pages-browser)/./node_modules/next/dist/compiled/react-dom/cjs/react-dom.development.js:7758:13)
    at flushSyncWorkOnAllRoots (webpack-internal:///(app-pages-browser)/./node_modules/next/dist/compiled/react-dom/cjs/react-dom.development.js:7718:3)
    at processRootScheduleInMicrotask (webpack-internal:///(app-pages-browser)/./node_modules/next/dist/compiled/react-dom/cjs/react-dom.development.js:7863:3)
    at eval (webpack-internal:///(app-pages-browser)/./node_modules/next/dist/compiled/react-dom/cjs/react-dom.development.js:8034:7) @ webpack-internal:///(app-pages-browser)/./node_modules/next/dist/client/app-index.js:32
[  505177ms] [ERROR] IntlError: MISSING_MESSAGE: Could not resolve `dashboard.filters.lastUpdated` in messages for locale `fr`.
    at getFallbackFromErrorAndNotify (webpack-internal:///(app-pages-browser)/./node_modules/use-intl/dist/development/createFormatter-QqAaZwGD.js:159:19)
    at translateBaseFn (webpack-internal:///(app-pages-browser)/./node_modules/use-intl/dist/development/createFormatter-QqAaZwGD.js:184:14)
    at translateFn (webpack-internal:///(app-pages-browser)/./node_modules/use-intl/dist/development/createFormatter-QqAaZwGD.js:258:20)
    at ProfitabilityClient (webpack-internal:///(app-pages-browser)/./src/app/[locale]/(dashboard)/dashboard/pnl/ProfitabilityClient.tsx:175:38)
    at renderWithHooks (webpack-internal:///(app-pages-browser)/./node_modules/next/dist/compiled/react-dom/cjs/react-dom.development.js:11121:18)
    at updateFunctionComponent (webpack-internal:///(app-pages-browser)/./node_modules/next/dist/compiled/react-dom/cjs/react-dom.development.js:16290:20)
    at beginWork$1 (webpack-internal:///(app-pages-browser)/./node_modules/next/dist/compiled/react-dom/cjs/react-dom.development.js:18472:16)
    at beginWork (webpack-internal:///(app-pages-browser)/./node_modules/next/dist/compiled/react-dom/cjs/react-dom.development.js:26927:14)
    at performUnitOfWork (webpack-internal:///(app-pages-browser)/./node_modules/next/dist/compiled/react-dom/cjs/react-dom.development.js:25748:12)
    at workLoopSync (webpack-internal:///(app-pages-browser)/./node_modules/next/dist/compiled/react-dom/cjs/react-dom.development.js:25464:5)
    at renderRootSync (webpack-internal:///(app-pages-browser)/./node_modules/next/dist/compiled/react-dom/cjs/react-dom.development.js:25419:7)
    at performSyncWorkOnRoot (webpack-internal:///(app-pages-browser)/./node_modules/next/dist/compiled/react-dom/cjs/react-dom.development.js:24887:20)
    at flushSyncWorkAcrossRoots_impl (webpack-internal:///(app-pages-browser)/./node_modules/next/dist/compiled/react-dom/cjs/react-dom.development.js:7758:13)
    at flushSyncWorkOnAllRoots (webpack-internal:///(app-pages-browser)/./node_modules/next/dist/compiled/react-dom/cjs/react-dom.development.js:7718:3)
    at processRootScheduleInMicrotask (webpack-internal:///(app-pages-browser)/./node_modules/next/dist/compiled/react-dom/cjs/react-dom.development.js:7863:3)
    at eval (webpack-internal:///(app-pages-browser)/./node_modules/next/dist/compiled/react-dom/cjs/react-dom.development.js:8034:7) @ webpack-internal:///(app-pages-browser)/./node_modules/next/dist/client/app-index.js:32
[  505178ms] [ERROR] IntlError: MISSING_MESSAGE: Could not resolve `dashboard.filters.lastUpdated` in messages for locale `fr`.
    at getFallbackFromErrorAndNotify (webpack-internal:///(app-pages-browser)/./node_modules/use-intl/dist/development/createFormatter-QqAaZwGD.js:159:19)
    at translateBaseFn (webpack-internal:///(app-pages-browser)/./node_modules/use-intl/dist/development/createFormatter-QqAaZwGD.js:184:14)
    at translateFn (webpack-internal:///(app-pages-browser)/./node_modules/use-intl/dist/development/createFormatter-QqAaZwGD.js:258:20)
    at ProfitabilityClient (webpack-internal:///(app-pages-browser)/./src/app/[locale]/(dashboard)/dashboard/pnl/ProfitabilityClient.tsx:175:38)
    at renderWithHooksAgain (webpack-internal:///(app-pages-browser)/./node_modules/next/dist/compiled/react-dom/cjs/react-dom.development.js:11272:16)
    at renderWithHooks (webpack-internal:///(app-pages-browser)/./node_modules/next/dist/compiled/react-dom/cjs/react-dom.development.js:11135:18)
    at updateFunctionComponent (webpack-internal:///(app-pages-browser)/./node_modules/next/dist/compiled/react-dom/cjs/react-dom.development.js:16290:20)
    at beginWork$1 (webpack-internal:///(app-pages-browser)/./node_modules/next/dist/compiled/react-dom/cjs/react-dom.development.js:18472:16)
    at beginWork (webpack-internal:///(app-pages-browser)/./node_modules/next/dist/compiled/react-dom/cjs/react-dom.development.js:26927:14)
    at performUnitOfWork (webpack-internal:///(app-pages-browser)/./node_modules/next/dist/compiled/react-dom/cjs/react-dom.development.js:25748:12)
    at workLoopSync (webpack-internal:///(app-pages-browser)/./node_modules/next/dist/compiled/react-dom/cjs/react-dom.development.js:25464:5)
    at renderRootSync (webpack-internal:///(app-pages-browser)/./node_modules/next/dist/compiled/react-dom/cjs/react-dom.development.js:25419:7)
    at performSyncWorkOnRoot (webpack-internal:///(app-pages-browser)/./node_modules/next/dist/compiled/react-dom/cjs/react-dom.development.js:24887:20)
    at flushSyncWorkAcrossRoots_impl (webpack-internal:///(app-pages-browser)/./node_modules/next/dist/compiled/react-dom/cjs/react-dom.development.js:7758:13)
    at flushSyncWorkOnAllRoots (webpack-internal:///(app-pages-browser)/./node_modules/next/dist/compiled/react-dom/cjs/react-dom.development.js:7718:3)
    at processRootScheduleInMicrotask (webpack-internal:///(app-pages-browser)/./node_modules/next/dist/compiled/react-dom/cjs/react-dom.development.js:7863:3)
    at eval (webpack-internal:///(app-pages-browser)/./node_modules/next/dist/compiled/react-dom/cjs/react-dom.development.js:8034:7) @ webpack-internal:///(app-pages-browser)/./node_modules/next/dist/client/app-index.js:32
[  505415ms] [ERROR] IntlError: MISSING_MESSAGE: Could not resolve `dashboard.filters.lastUpdated` in messages for locale `fr`.
    at getFallbackFromErrorAndNotify (webpack-internal:///(app-pages-browser)/./node_modules/use-intl/dist/development/createFormatter-QqAaZwGD.js:159:19)
    at translateBaseFn (webpack-internal:///(app-pages-browser)/./node_modules/use-intl/dist/development/createFormatter-QqAaZwGD.js:184:14)
    at translateFn (webpack-internal:///(app-pages-browser)/./node_modules/use-intl/dist/development/createFormatter-QqAaZwGD.js:258:20)
    at ProfitabilityClient (webpack-internal:///(app-pages-browser)/./src/app/[locale]/(dashboard)/dashboard/pnl/ProfitabilityClient.tsx:175:38)
    at renderWithHooks (webpack-internal:///(app-pages-browser)/./node_modules/next/dist/compiled/react-dom/cjs/react-dom.development.js:11121:18)
    at updateFunctionComponent (webpack-internal:///(app-pages-browser)/./node_modules/next/dist/compiled/react-dom/cjs/react-dom.development.js:16290:20)
    at beginWork$1 (webpack-internal:///(app-pages-browser)/./node_modules/next/dist/compiled/react-dom/cjs/react-dom.development.js:18472:16)
    at beginWork (webpack-internal:///(app-pages-browser)/./node_modules/next/dist/compiled/react-dom/cjs/react-dom.development.js:26927:14)
    at performUnitOfWork (webpack-internal:///(app-pages-browser)/./node_modules/next/dist/compiled/react-dom/cjs/react-dom.development.js:25748:12)
    at workLoopSync (webpack-internal:///(app-pages-browser)/./node_modules/next/dist/compiled/react-dom/cjs/react-dom.development.js:25464:5)
    at renderRootSync (webpack-internal:///(app-pages-browser)/./node_modules/next/dist/compiled/react-dom/cjs/react-dom.development.js:25419:7)
    at performSyncWorkOnRoot (webpack-internal:///(app-pages-browser)/./node_modules/next/dist/compiled/react-dom/cjs/react-dom.development.js:24887:20)
    at flushSyncWorkAcrossRoots_impl (webpack-internal:///(app-pages-browser)/./node_modules/next/dist/compiled/react-dom/cjs/react-dom.development.js:7758:13)
    at flushSyncWorkOnAllRoots (webpack-internal:///(app-pages-browser)/./node_modules/next/dist/compiled/react-dom/cjs/react-dom.development.js:7718:3)
    at processRootScheduleInMicrotask (webpack-internal:///(app-pages-browser)/./node_modules/next/dist/compiled/react-dom/cjs/react-dom.development.js:7863:3)
    at eval (webpack-internal:///(app-pages-browser)/./node_modules/next/dist/compiled/react-dom/cjs/react-dom.development.js:8034:7) @ webpack-internal:///(app-pages-browser)/./node_modules/next/dist/client/app-index.js:32
[  505416ms] [ERROR] IntlError: MISSING_MESSAGE: Could not resolve `dashboard.filters.lastUpdated` in messages for locale `fr`.
    at getFallbackFromErrorAndNotify (webpack-internal:///(app-pages-browser)/./node_modules/use-intl/dist/development/createFormatter-QqAaZwGD.js:159:19)
    at translateBaseFn (webpack-internal:///(app-pages-browser)/./node_modules/use-intl/dist/development/createFormatter-QqAaZwGD.js:184:14)
    at translateFn (webpack-internal:///(app-pages-browser)/./node_modules/use-intl/dist/development/createFormatter-QqAaZwGD.js:258:20)
    at ProfitabilityClient (webpack-internal:///(app-pages-browser)/./src/app/[locale]/(dashboard)/dashboard/pnl/ProfitabilityClient.tsx:175:38)
    at renderWithHooksAgain (webpack-internal:///(app-pages-browser)/./node_modules/next/dist/compiled/react-dom/cjs/react-dom.development.js:11272:16)
    at renderWithHooks (webpack-internal:///(app-pages-browser)/./node_modules/next/dist/compiled/react-dom/cjs/react-dom.development.js:11135:18)
    at updateFunctionComponent (webpack-internal:///(app-pages-browser)/./node_modules/next/dist/compiled/react-dom/cjs/react-dom.development.js:16290:20)
    at beginWork$1 (webpack-internal:///(app-pages-browser)/./node_modules/next/dist/compiled/react-dom/cjs/react-dom.development.js:18472:16)
    at beginWork (webpack-internal:///(app-pages-browser)/./node_modules/next/dist/compiled/react-dom/cjs/react-dom.development.js:26927:14)
    at performUnitOfWork (webpack-internal:///(app-pages-browser)/./node_modules/next/dist/compiled/react-dom/cjs/react-dom.development.js:25748:12)
    at workLoopSync (webpack-internal:///(app-pages-browser)/./node_modules/next/dist/compiled/react-dom/cjs/react-dom.development.js:25464:5)
    at renderRootSync (webpack-internal:///(app-pages-browser)/./node_modules/next/dist/compiled/react-dom/cjs/react-dom.development.js:25419:7)
    at performSyncWorkOnRoot (webpack-internal:///(app-pages-browser)/./node_modules/next/dist/compiled/react-dom/cjs/react-dom.development.js:24887:20)
    at flushSyncWorkAcrossRoots_impl (webpack-internal:///(app-pages-browser)/./node_modules/next/dist/compiled/react-dom/cjs/react-dom.development.js:7758:13)
    at flushSyncWorkOnAllRoots (webpack-internal:///(app-pages-browser)/./node_modules/next/dist/compiled/react-dom/cjs/react-dom.development.js:7718:3)
    at processRootScheduleInMicrotask (webpack-internal:///(app-pages-browser)/./node_modules/next/dist/compiled/react-dom/cjs/react-dom.development.js:7863:3)
    at eval (webpack-internal:///(app-pages-browser)/./node_modules/next/dist/compiled/react-dom/cjs/react-dom.development.js:8034:7) @ webpack-internal:///(app-pages-browser)/./node_modules/next/dist/client/app-index.js:32
[  505926ms] [ERROR] IntlError: MISSING_MESSAGE: Could not resolve `dashboard.filters.lastUpdated` in messages for locale `fr`.
    at getFallbackFromErrorAndNotify (webpack-internal:///(app-pages-browser)/./node_modules/use-intl/dist/development/createFormatter-QqAaZwGD.js:159:19)
    at translateBaseFn (webpack-internal:///(app-pages-browser)/./node_modules/use-intl/dist/development/createFormatter-QqAaZwGD.js:184:14)
    at translateFn (webpack-internal:///(app-pages-browser)/./node_modules/use-intl/dist/development/createFormatter-QqAaZwGD.js:258:20)
    at ProfitabilityClient (webpack-internal:///(app-pages-browser)/./src/app/[locale]/(dashboard)/dashboard/pnl/ProfitabilityClient.tsx:175:38)
    at renderWithHooks (webpack-internal:///(app-pages-browser)/./node_modules/next/dist/compiled/react-dom/cjs/react-dom.development.js:11121:18)
    at updateFunctionComponent (webpack-internal:///(app-pages-browser)/./node_modules/next/dist/compiled/react-dom/cjs/react-dom.development.js:16290:20)
    at beginWork$1 (webpack-internal:///(app-pages-browser)/./node_modules/next/dist/compiled/react-dom/cjs/react-dom.development.js:18472:16)
    at beginWork (webpack-internal:///(app-pages-browser)/./node_modules/next/dist/compiled/react-dom/cjs/react-dom.development.js:26927:14)
    at performUnitOfWork (webpack-internal:///(app-pages-browser)/./node_modules/next/dist/compiled/react-dom/cjs/react-dom.development.js:25748:12)
    at workLoopSync (webpack-internal:///(app-pages-browser)/./node_modules/next/dist/compiled/react-dom/cjs/react-dom.development.js:25464:5)
    at renderRootSync (webpack-internal:///(app-pages-browser)/./node_modules/next/dist/compiled/react-dom/cjs/react-dom.development.js:25419:7)
    at performSyncWorkOnRoot (webpack-internal:///(app-pages-browser)/./node_modules/next/dist/compiled/react-dom/cjs/react-dom.development.js:24887:20)
    at flushSyncWorkAcrossRoots_impl (webpack-internal:///(app-pages-browser)/./node_modules/next/dist/compiled/react-dom/cjs/react-dom.development.js:7758:13)
    at flushSyncWorkOnAllRoots (webpack-internal:///(app-pages-browser)/./node_modules/next/dist/compiled/react-dom/cjs/react-dom.development.js:7718:3)
    at processRootScheduleInMicrotask (webpack-internal:///(app-pages-browser)/./node_modules/next/dist/compiled/react-dom/cjs/react-dom.development.js:7863:3)
    at eval (webpack-internal:///(app-pages-browser)/./node_modules/next/dist/compiled/react-dom/cjs/react-dom.development.js:8034:7) @ webpack-internal:///(app-pages-browser)/./node_modules/next/dist/client/app-index.js:32
[  505927ms] [ERROR] IntlError: MISSING_MESSAGE: Could not resolve `dashboard.filters.lastUpdated` in messages for locale `fr`.
    at getFallbackFromErrorAndNotify (webpack-internal:///(app-pages-browser)/./node_modules/use-intl/dist/development/createFormatter-QqAaZwGD.js:159:19)
    at translateBaseFn (webpack-internal:///(app-pages-browser)/./node_modules/use-intl/dist/development/createFormatter-QqAaZwGD.js:184:14)
    at translateFn (webpack-internal:///(app-pages-browser)/./node_modules/use-intl/dist/development/createFormatter-QqAaZwGD.js:258:20)
    at ProfitabilityClient (webpack-internal:///(app-pages-browser)/./src/app/[locale]/(dashboard)/dashboard/pnl/ProfitabilityClient.tsx:175:38)
    at renderWithHooksAgain (webpack-internal:///(app-pages-browser)/./node_modules/next/dist/compiled/react-dom/cjs/react-dom.development.js:11272:16)
    at renderWithHooks (webpack-internal:///(app-pages-browser)/./node_modules/next/dist/compiled/react-dom/cjs/react-dom.development.js:11135:18)
    at updateFunctionComponent (webpack-internal:///(app-pages-browser)/./node_modules/next/dist/compiled/react-dom/cjs/react-dom.development.js:16290:20)
    at beginWork$1 (webpack-internal:///(app-pages-browser)/./node_modules/next/dist/compiled/react-dom/cjs/react-dom.development.js:18472:16)
    at beginWork (webpack-internal:///(app-pages-browser)/./node_modules/next/dist/compiled/react-dom/cjs/react-dom.development.js:26927:14)
    at performUnitOfWork (webpack-internal:///(app-pages-browser)/./node_modules/next/dist/compiled/react-dom/cjs/react-dom.development.js:25748:12)
    at workLoopSync (webpack-internal:///(app-pages-browser)/./node_modules/next/dist/compiled/react-dom/cjs/react-dom.development.js:25464:5)
    at renderRootSync (webpack-internal:///(app-pages-browser)/./node_modules/next/dist/compiled/react-dom/cjs/react-dom.development.js:25419:7)
    at performSyncWorkOnRoot (webpack-internal:///(app-pages-browser)/./node_modules/next/dist/compiled/react-dom/cjs/react-dom.development.js:24887:20)
    at flushSyncWorkAcrossRoots_impl (webpack-internal:///(app-pages-browser)/./node_modules/next/dist/compiled/react-dom/cjs/react-dom.development.js:7758:13)
    at flushSyncWorkOnAllRoots (webpack-internal:///(app-pages-browser)/./node_modules/next/dist/compiled/react-dom/cjs/react-dom.development.js:7718:3)
    at processRootScheduleInMicrotask (webpack-internal:///(app-pages-browser)/./node_modules/next/dist/compiled/react-dom/cjs/react-dom.development.js:7863:3)
    at eval (webpack-internal:///(app-pages-browser)/./node_modules/next/dist/compiled/react-dom/cjs/react-dom.development.js:8034:7) @ webpack-internal:///(app-pages-browser)/./node_modules/next/dist/client/app-index.js:32
[  506237ms] [ERROR] IntlError: MISSING_MESSAGE: Could not resolve `dashboard.filters.lastUpdated` in messages for locale `fr`.
    at getFallbackFromErrorAndNotify (webpack-internal:///(app-pages-browser)/./node_modules/use-intl/dist/development/createFormatter-QqAaZwGD.js:159:19)
    at translateBaseFn (webpack-internal:///(app-pages-browser)/./node_modules/use-intl/dist/development/createFormatter-QqAaZwGD.js:184:14)
    at translateFn (webpack-internal:///(app-pages-browser)/./node_modules/use-intl/dist/development/createFormatter-QqAaZwGD.js:258:20)
    at ProfitabilityClient (webpack-internal:///(app-pages-browser)/./src/app/[locale]/(dashboard)/dashboard/pnl/ProfitabilityClient.tsx:175:38)
    at renderWithHooks (webpack-internal:///(app-pages-browser)/./node_modules/next/dist/compiled/react-dom/cjs/react-dom.development.js:11121:18)
    at updateFunctionComponent (webpack-internal:///(app-pages-browser)/./node_modules/next/dist/compiled/react-dom/cjs/react-dom.development.js:16290:20)
    at beginWork$1 (webpack-internal:///(app-pages-browser)/./node_modules/next/dist/compiled/react-dom/cjs/react-dom.development.js:18472:16)
    at beginWork (webpack-internal:///(app-pages-browser)/./node_modules/next/dist/compiled/react-dom/cjs/react-dom.development.js:26927:14)
    at performUnitOfWork (webpack-internal:///(app-pages-browser)/./node_modules/next/dist/compiled/react-dom/cjs/react-dom.development.js:25748:12)
    at workLoopSync (webpack-internal:///(app-pages-browser)/./node_modules/next/dist/compiled/react-dom/cjs/react-dom.development.js:25464:5)
    at renderRootSync (webpack-internal:///(app-pages-browser)/./node_modules/next/dist/compiled/react-dom/cjs/react-dom.development.js:25419:7)
    at performSyncWorkOnRoot (webpack-internal:///(app-pages-browser)/./node_modules/next/dist/compiled/react-dom/cjs/react-dom.development.js:24887:20)
    at flushSyncWorkAcrossRoots_impl (webpack-internal:///(app-pages-browser)/./node_modules/next/dist/compiled/react-dom/cjs/react-dom.development.js:7758:13)
    at flushSyncWorkOnAllRoots (webpack-internal:///(app-pages-browser)/./node_modules/next/dist/compiled/react-dom/cjs/react-dom.development.js:7718:3)
    at processRootScheduleInMicrotask (webpack-internal:///(app-pages-browser)/./node_modules/next/dist/compiled/react-dom/cjs/react-dom.development.js:7863:3)
    at eval (webpack-internal:///(app-pages-browser)/./node_modules/next/dist/compiled/react-dom/cjs/react-dom.development.js:8034:7) @ webpack-internal:///(app-pages-browser)/./node_modules/next/dist/client/app-index.js:32
[  506238ms] [ERROR] IntlError: MISSING_MESSAGE: Could not resolve `dashboard.filters.lastUpdated` in messages for locale `fr`.
    at getFallbackFromErrorAndNotify (webpack-internal:///(app-pages-browser)/./node_modules/use-intl/dist/development/createFormatter-QqAaZwGD.js:159:19)
    at translateBaseFn (webpack-internal:///(app-pages-browser)/./node_modules/use-intl/dist/development/createFormatter-QqAaZwGD.js:184:14)
    at translateFn (webpack-internal:///(app-pages-browser)/./node_modules/use-intl/dist/development/createFormatter-QqAaZwGD.js:258:20)
    at ProfitabilityClient (webpack-internal:///(app-pages-browser)/./src/app/[locale]/(dashboard)/dashboard/pnl/ProfitabilityClient.tsx:175:38)
    at renderWithHooksAgain (webpack-internal:///(app-pages-browser)/./node_modules/next/dist/compiled/react-dom/cjs/react-dom.development.js:11272:16)
    at renderWithHooks (webpack-internal:///(app-pages-browser)/./node_modules/next/dist/compiled/react-dom/cjs/react-dom.development.js:11135:18)
    at updateFunctionComponent (webpack-internal:///(app-pages-browser)/./node_modules/next/dist/compiled/react-dom/cjs/react-dom.development.js:16290:20)
    at beginWork$1 (webpack-internal:///(app-pages-browser)/./node_modules/next/dist/compiled/react-dom/cjs/react-dom.development.js:18472:16)
    at beginWork (webpack-internal:///(app-pages-browser)/./node_modules/next/dist/compiled/react-dom/cjs/react-dom.development.js:26927:14)
    at performUnitOfWork (webpack-internal:///(app-pages-browser)/./node_modules/next/dist/compiled/react-dom/cjs/react-dom.development.js:25748:12)
    at workLoopSync (webpack-internal:///(app-pages-browser)/./node_modules/next/dist/compiled/react-dom/cjs/react-dom.development.js:25464:5)
    at renderRootSync (webpack-internal:///(app-pages-browser)/./node_modules/next/dist/compiled/react-dom/cjs/react-dom.development.js:25419:7)
    at performSyncWorkOnRoot (webpack-internal:///(app-pages-browser)/./node_modules/next/dist/compiled/react-dom/cjs/react-dom.development.js:24887:20)
    at flushSyncWorkAcrossRoots_impl (webpack-internal:///(app-pages-browser)/./node_modules/next/dist/compiled/react-dom/cjs/react-dom.development.js:7758:13)
    at flushSyncWorkOnAllRoots (webpack-internal:///(app-pages-browser)/./node_modules/next/dist/compiled/react-dom/cjs/react-dom.development.js:7718:3)
    at processRootScheduleInMicrotask (webpack-internal:///(app-pages-browser)/./node_modules/next/dist/compiled/react-dom/cjs/react-dom.development.js:7863:3)
    at eval (webpack-internal:///(app-pages-browser)/./node_modules/next/dist/compiled/react-dom/cjs/react-dom.development.js:8034:7) @ webpack-internal:///(app-pages-browser)/./node_modules/next/dist/client/app-index.js:32
[  506624ms] [ERROR] IntlError: MISSING_MESSAGE: Could not resolve `dashboard.filters.lastUpdated` in messages for locale `fr`.
    at getFallbackFromErrorAndNotify (webpack-internal:///(app-pages-browser)/./node_modules/use-intl/dist/development/createFormatter-QqAaZwGD.js:159:19)
    at translateBaseFn (webpack-internal:///(app-pages-browser)/./node_modules/use-intl/dist/development/createFormatter-QqAaZwGD.js:184:14)
    at translateFn (webpack-internal:///(app-pages-browser)/./node_modules/use-intl/dist/development/createFormatter-QqAaZwGD.js:258:20)
    at ProfitabilityClient (webpack-internal:///(app-pages-browser)/./src/app/[locale]/(dashboard)/dashboard/pnl/ProfitabilityClient.tsx:175:38)
    at renderWithHooks (webpack-internal:///(app-pages-browser)/./node_modules/next/dist/compiled/react-dom/cjs/react-dom.development.js:11121:18)
    at updateFunctionComponent (webpack-internal:///(app-pages-browser)/./node_modules/next/dist/compiled/react-dom/cjs/react-dom.development.js:16290:20)
    at beginWork$1 (webpack-internal:///(app-pages-browser)/./node_modules/next/dist/compiled/react-dom/cjs/react-dom.development.js:18472:16)
    at beginWork (webpack-internal:///(app-pages-browser)/./node_modules/next/dist/compiled/react-dom/cjs/react-dom.development.js:26927:14)
    at performUnitOfWork (webpack-internal:///(app-pages-browser)/./node_modules/next/dist/compiled/react-dom/cjs/react-dom.development.js:25748:12)
    at workLoopSync (webpack-internal:///(app-pages-browser)/./node_modules/next/dist/compiled/react-dom/cjs/react-dom.development.js:25464:5)
    at renderRootSync (webpack-internal:///(app-pages-browser)/./node_modules/next/dist/compiled/react-dom/cjs/react-dom.development.js:25419:7)
    at performSyncWorkOnRoot (webpack-internal:///(app-pages-browser)/./node_modules/next/dist/compiled/react-dom/cjs/react-dom.development.js:24887:20)
    at flushSyncWorkAcrossRoots_impl (webpack-internal:///(app-pages-browser)/./node_modules/next/dist/compiled/react-dom/cjs/react-dom.development.js:7758:13)
    at flushSyncWorkOnAllRoots (webpack-internal:///(app-pages-browser)/./node_modules/next/dist/compiled/react-dom/cjs/react-dom.development.js:7718:3)
    at processRootScheduleInMicrotask (webpack-internal:///(app-pages-browser)/./node_modules/next/dist/compiled/react-dom/cjs/react-dom.development.js:7863:3)
    at eval (webpack-internal:///(app-pages-browser)/./node_modules/next/dist/compiled/react-dom/cjs/react-dom.development.js:8034:7) @ webpack-internal:///(app-pages-browser)/./node_modules/next/dist/client/app-index.js:32
[  506625ms] [ERROR] IntlError: MISSING_MESSAGE: Could not resolve `dashboard.filters.lastUpdated` in messages for locale `fr`.
    at getFallbackFromErrorAndNotify (webpack-internal:///(app-pages-browser)/./node_modules/use-intl/dist/development/createFormatter-QqAaZwGD.js:159:19)
    at translateBaseFn (webpack-internal:///(app-pages-browser)/./node_modules/use-intl/dist/development/createFormatter-QqAaZwGD.js:184:14)
    at translateFn (webpack-internal:///(app-pages-browser)/./node_modules/use-intl/dist/development/createFormatter-QqAaZwGD.js:258:20)
    at ProfitabilityClient (webpack-internal:///(app-pages-browser)/./src/app/[locale]/(dashboard)/dashboard/pnl/ProfitabilityClient.tsx:175:38)
    at renderWithHooksAgain (webpack-internal:///(app-pages-browser)/./node_modules/next/dist/compiled/react-dom/cjs/react-dom.development.js:11272:16)
    at renderWithHooks (webpack-internal:///(app-pages-browser)/./node_modules/next/dist/compiled/react-dom/cjs/react-dom.development.js:11135:18)
    at updateFunctionComponent (webpack-internal:///(app-pages-browser)/./node_modules/next/dist/compiled/react-dom/cjs/react-dom.development.js:16290:20)
    at beginWork$1 (webpack-internal:///(app-pages-browser)/./node_modules/next/dist/compiled/react-dom/cjs/react-dom.development.js:18472:16)
    at beginWork (webpack-internal:///(app-pages-browser)/./node_modules/next/dist/compiled/react-dom/cjs/react-dom.development.js:26927:14)
    at performUnitOfWork (webpack-internal:///(app-pages-browser)/./node_modules/next/dist/compiled/react-dom/cjs/react-dom.development.js:25748:12)
    at workLoopSync (webpack-internal:///(app-pages-browser)/./node_modules/next/dist/compiled/react-dom/cjs/react-dom.development.js:25464:5)
    at renderRootSync (webpack-internal:///(app-pages-browser)/./node_modules/next/dist/compiled/react-dom/cjs/react-dom.development.js:25419:7)
    at performSyncWorkOnRoot (webpack-internal:///(app-pages-browser)/./node_modules/next/dist/compiled/react-dom/cjs/react-dom.development.js:24887:20)
    at flushSyncWorkAcrossRoots_impl (webpack-internal:///(app-pages-browser)/./node_modules/next/dist/compiled/react-dom/cjs/react-dom.development.js:7758:13)
    at flushSyncWorkOnAllRoots (webpack-internal:///(app-pages-browser)/./node_modules/next/dist/compiled/react-dom/cjs/react-dom.development.js:7718:3)
    at processRootScheduleInMicrotask (webpack-internal:///(app-pages-browser)/./node_modules/next/dist/compiled/react-dom/cjs/react-dom.development.js:7863:3)
    at eval (webpack-internal:///(app-pages-browser)/./node_modules/next/dist/compiled/react-dom/cjs/react-dom.development.js:8034:7) @ webpack-internal:///(app-pages-browser)/./node_modules/next/dist/client/app-index.js:32
[  507136ms] [ERROR] IntlError: MISSING_MESSAGE: Could not resolve `dashboard.filters.lastUpdated` in messages for locale `fr`.
    at getFallbackFromErrorAndNotify (webpack-internal:///(app-pages-browser)/./node_modules/use-intl/dist/development/createFormatter-QqAaZwGD.js:159:19)
    at translateBaseFn (webpack-internal:///(app-pages-browser)/./node_modules/use-intl/dist/development/createFormatter-QqAaZwGD.js:184:14)
    at translateFn (webpack-internal:///(app-pages-browser)/./node_modules/use-intl/dist/development/createFormatter-QqAaZwGD.js:258:20)
    at ProfitabilityClient (webpack-internal:///(app-pages-browser)/./src/app/[locale]/(dashboard)/dashboard/pnl/ProfitabilityClient.tsx:175:38)
    at renderWithHooks (webpack-internal:///(app-pages-browser)/./node_modules/next/dist/compiled/react-dom/cjs/react-dom.development.js:11121:18)
    at updateFunctionComponent (webpack-internal:///(app-pages-browser)/./node_modules/next/dist/compiled/react-dom/cjs/react-dom.development.js:16290:20)
    at beginWork$1 (webpack-internal:///(app-pages-browser)/./node_modules/next/dist/compiled/react-dom/cjs/react-dom.development.js:18472:16)
    at beginWork (webpack-internal:///(app-pages-browser)/./node_modules/next/dist/compiled/react-dom/cjs/react-dom.development.js:26927:14)
    at performUnitOfWork (webpack-internal:///(app-pages-browser)/./node_modules/next/dist/compiled/react-dom/cjs/react-dom.development.js:25748:12)
    at workLoopSync (webpack-internal:///(app-pages-browser)/./node_modules/next/dist/compiled/react-dom/cjs/react-dom.development.js:25464:5)
    at renderRootSync (webpack-internal:///(app-pages-browser)/./node_modules/next/dist/compiled/react-dom/cjs/react-dom.development.js:25419:7)
    at performSyncWorkOnRoot (webpack-internal:///(app-pages-browser)/./node_modules/next/dist/compiled/react-dom/cjs/react-dom.development.js:24887:20)
    at flushSyncWorkAcrossRoots_impl (webpack-internal:///(app-pages-browser)/./node_modules/next/dist/compiled/react-dom/cjs/react-dom.development.js:7758:13)
    at flushSyncWorkOnAllRoots (webpack-internal:///(app-pages-browser)/./node_modules/next/dist/compiled/react-dom/cjs/react-dom.development.js:7718:3)
    at processRootScheduleInMicrotask (webpack-internal:///(app-pages-browser)/./node_modules/next/dist/compiled/react-dom/cjs/react-dom.development.js:7863:3)
    at eval (webpack-internal:///(app-pages-browser)/./node_modules/next/dist/compiled/react-dom/cjs/react-dom.development.js:8034:7) @ webpack-internal:///(app-pages-browser)/./node_modules/next/dist/client/app-index.js:32
[  507137ms] [ERROR] IntlError: MISSING_MESSAGE: Could not resolve `dashboard.filters.lastUpdated` in messages for locale `fr`.
    at getFallbackFromErrorAndNotify (webpack-internal:///(app-pages-browser)/./node_modules/use-intl/dist/development/createFormatter-QqAaZwGD.js:159:19)
    at translateBaseFn (webpack-internal:///(app-pages-browser)/./node_modules/use-intl/dist/development/createFormatter-QqAaZwGD.js:184:14)
    at translateFn (webpack-internal:///(app-pages-browser)/./node_modules/use-intl/dist/development/createFormatter-QqAaZwGD.js:258:20)
    at ProfitabilityClient (webpack-internal:///(app-pages-browser)/./src/app/[locale]/(dashboard)/dashboard/pnl/ProfitabilityClient.tsx:175:38)
    at renderWithHooksAgain (webpack-internal:///(app-pages-browser)/./node_modules/next/dist/compiled/react-dom/cjs/react-dom.development.js:11272:16)
    at renderWithHooks (webpack-internal:///(app-pages-browser)/./node_modules/next/dist/compiled/react-dom/cjs/react-dom.development.js:11135:18)
    at updateFunctionComponent (webpack-internal:///(app-pages-browser)/./node_modules/next/dist/compiled/react-dom/cjs/react-dom.development.js:16290:20)
    at beginWork$1 (webpack-internal:///(app-pages-browser)/./node_modules/next/dist/compiled/react-dom/cjs/react-dom.development.js:18472:16)
    at beginWork (webpack-internal:///(app-pages-browser)/./node_modules/next/dist/compiled/react-dom/cjs/react-dom.development.js:26927:14)
    at performUnitOfWork (webpack-internal:///(app-pages-browser)/./node_modules/next/dist/compiled/react-dom/cjs/react-dom.development.js:25748:12)
    at workLoopSync (webpack-internal:///(app-pages-browser)/./node_modules/next/dist/compiled/react-dom/cjs/react-dom.development.js:25464:5)
    at renderRootSync (webpack-internal:///(app-pages-browser)/./node_modules/next/dist/compiled/react-dom/cjs/react-dom.development.js:25419:7)
    at performSyncWorkOnRoot (webpack-internal:///(app-pages-browser)/./node_modules/next/dist/compiled/react-dom/cjs/react-dom.development.js:24887:20)
    at flushSyncWorkAcrossRoots_impl (webpack-internal:///(app-pages-browser)/./node_modules/next/dist/compiled/react-dom/cjs/react-dom.development.js:7758:13)
    at flushSyncWorkOnAllRoots (webpack-internal:///(app-pages-browser)/./node_modules/next/dist/compiled/react-dom/cjs/react-dom.development.js:7718:3)
    at processRootScheduleInMicrotask (webpack-internal:///(app-pages-browser)/./node_modules/next/dist/compiled/react-dom/cjs/react-dom.development.js:7863:3)
    at eval (webpack-internal:///(app-pages-browser)/./node_modules/next/dist/compiled/react-dom/cjs/react-dom.development.js:8034:7) @ webpack-internal:///(app-pages-browser)/./node_modules/next/dist/client/app-index.js:32
[  512326ms] [ERROR] IntlError: MISSING_MESSAGE: Could not resolve `dashboard.filters.lastUpdated` in messages for locale `fr`.
    at getFallbackFromErrorAndNotify (webpack-internal:///(app-pages-browser)/./node_modules/use-intl/dist/development/createFormatter-QqAaZwGD.js:159:19)
    at translateBaseFn (webpack-internal:///(app-pages-browser)/./node_modules/use-intl/dist/development/createFormatter-QqAaZwGD.js:184:14)
    at translateFn (webpack-internal:///(app-pages-browser)/./node_modules/use-intl/dist/development/createFormatter-QqAaZwGD.js:258:20)
    at ProfitabilityClient (webpack-internal:///(app-pages-browser)/./src/app/[locale]/(dashboard)/dashboard/pnl/ProfitabilityClient.tsx:175:38)
    at renderWithHooks (webpack-internal:///(app-pages-browser)/./node_modules/next/dist/compiled/react-dom/cjs/react-dom.development.js:11121:18)
    at updateFunctionComponent (webpack-internal:///(app-pages-browser)/./node_modules/next/dist/compiled/react-dom/cjs/react-dom.development.js:16290:20)
    at beginWork$1 (webpack-internal:///(app-pages-browser)/./node_modules/next/dist/compiled/react-dom/cjs/react-dom.development.js:18472:16)
    at beginWork (webpack-internal:///(app-pages-browser)/./node_modules/next/dist/compiled/react-dom/cjs/react-dom.development.js:26927:14)
    at performUnitOfWork (webpack-internal:///(app-pages-browser)/./node_modules/next/dist/compiled/react-dom/cjs/react-dom.development.js:25748:12)
    at workLoopSync (webpack-internal:///(app-pages-browser)/./node_modules/next/dist/compiled/react-dom/cjs/react-dom.development.js:25464:5)
    at renderRootSync (webpack-internal:///(app-pages-browser)/./node_modules/next/dist/compiled/react-dom/cjs/react-dom.development.js:25419:7)
    at performSyncWorkOnRoot (webpack-internal:///(app-pages-browser)/./node_modules/next/dist/compiled/react-dom/cjs/react-dom.development.js:24887:20)
    at flushSyncWorkAcrossRoots_impl (webpack-internal:///(app-pages-browser)/./node_modules/next/dist/compiled/react-dom/cjs/react-dom.development.js:7758:13)
    at flushSyncWorkOnAllRoots (webpack-internal:///(app-pages-browser)/./node_modules/next/dist/compiled/react-dom/cjs/react-dom.development.js:7718:3)
    at flushSync$1 (webpack-internal:///(app-pages-browser)/./node_modules/next/dist/compiled/react-dom/cjs/react-dom.development.js:24999:7)
    at finishEventHandler (webpack-internal:///(app-pages-browser)/./node_modules/next/dist/compiled/react-dom/cjs/react-dom.development.js:28829:5)
    at batchedUpdates (webpack-internal:///(app-pages-browser)/./node_modules/next/dist/compiled/react-dom/cjs/react-dom.development.js:28847:5)
    at dispatchEventForPluginEventSystem (webpack-internal:///(app-pages-browser)/./node_modules/next/dist/compiled/react-dom/cjs/react-dom.development.js:32373:3)
    at dispatchEvent (webpack-internal:///(app-pages-browser)/./node_modules/next/dist/compiled/react-dom/cjs/react-dom.development.js:30141:5)
    at dispatchDiscreteEvent (webpack-internal:///(app-pages-browser)/./node_modules/next/dist/compiled/react-dom/cjs/react-dom.development.js:30112:5) @ webpack-internal:///(app-pages-browser)/./node_modules/next/dist/client/app-index.js:32
[  512328ms] [ERROR] IntlError: MISSING_MESSAGE: Could not resolve `dashboard.filters.lastUpdated` in messages for locale `fr`.
    at getFallbackFromErrorAndNotify (webpack-internal:///(app-pages-browser)/./node_modules/use-intl/dist/development/createFormatter-QqAaZwGD.js:159:19)
    at translateBaseFn (webpack-internal:///(app-pages-browser)/./node_modules/use-intl/dist/development/createFormatter-QqAaZwGD.js:184:14)
    at translateFn (webpack-internal:///(app-pages-browser)/./node_modules/use-intl/dist/development/createFormatter-QqAaZwGD.js:258:20)
    at ProfitabilityClient (webpack-internal:///(app-pages-browser)/./src/app/[locale]/(dashboard)/dashboard/pnl/ProfitabilityClient.tsx:175:38)
    at renderWithHooksAgain (webpack-internal:///(app-pages-browser)/./node_modules/next/dist/compiled/react-dom/cjs/react-dom.development.js:11272:16)
    at renderWithHooks (webpack-internal:///(app-pages-browser)/./node_modules/next/dist/compiled/react-dom/cjs/react-dom.development.js:11135:18)
    at updateFunctionComponent (webpack-internal:///(app-pages-browser)/./node_modules/next/dist/compiled/react-dom/cjs/react-dom.development.js:16290:20)
    at beginWork$1 (webpack-internal:///(app-pages-browser)/./node_modules/next/dist/compiled/react-dom/cjs/react-dom.development.js:18472:16)
    at beginWork (webpack-internal:///(app-pages-browser)/./node_modules/next/dist/compiled/react-dom/cjs/react-dom.development.js:26927:14)
    at performUnitOfWork (webpack-internal:///(app-pages-browser)/./node_modules/next/dist/compiled/react-dom/cjs/react-dom.development.js:25748:12)
    at workLoopSync (webpack-internal:///(app-pages-browser)/./node_modules/next/dist/compiled/react-dom/cjs/react-dom.development.js:25464:5)
    at renderRootSync (webpack-internal:///(app-pages-browser)/./node_modules/next/dist/compiled/react-dom/cjs/react-dom.development.js:25419:7)
    at performSyncWorkOnRoot (webpack-internal:///(app-pages-browser)/./node_modules/next/dist/compiled/react-dom/cjs/react-dom.development.js:24887:20)
    at flushSyncWorkAcrossRoots_impl (webpack-internal:///(app-pages-browser)/./node_modules/next/dist/compiled/react-dom/cjs/react-dom.development.js:7758:13)
    at flushSyncWorkOnAllRoots (webpack-internal:///(app-pages-browser)/./node_modules/next/dist/compiled/react-dom/cjs/react-dom.development.js:7718:3)
    at flushSync$1 (webpack-internal:///(app-pages-browser)/./node_modules/next/dist/compiled/react-dom/cjs/react-dom.development.js:24999:7)
    at finishEventHandler (webpack-internal:///(app-pages-browser)/./node_modules/next/dist/compiled/react-dom/cjs/react-dom.development.js:28829:5)
    at batchedUpdates (webpack-internal:///(app-pages-browser)/./node_modules/next/dist/compiled/react-dom/cjs/react-dom.development.js:28847:5)
    at dispatchEventForPluginEventSystem (webpack-internal:///(app-pages-browser)/./node_modules/next/dist/compiled/react-dom/cjs/react-dom.development.js:32373:3)
    at dispatchEvent (webpack-internal:///(app-pages-browser)/./node_modules/next/dist/compiled/react-dom/cjs/react-dom.development.js:30141:5)
    at dispatchDiscreteEvent (webpack-internal:///(app-pages-browser)/./node_modules/next/dist/compiled/react-dom/cjs/react-dom.development.js:30112:5) @ webpack-internal:///(app-pages-browser)/./node_modules/next/dist/client/app-index.js:32
[  515380ms] [ERROR] IntlError: MISSING_MESSAGE: Could not resolve `dashboard.filters.lastUpdated` in messages for locale `fr`.
    at getFallbackFromErrorAndNotify (webpack-internal:///(app-pages-browser)/./node_modules/use-intl/dist/development/createFormatter-QqAaZwGD.js:159:19)
    at translateBaseFn (webpack-internal:///(app-pages-browser)/./node_modules/use-intl/dist/development/createFormatter-QqAaZwGD.js:184:14)
    at translateFn (webpack-internal:///(app-pages-browser)/./node_modules/use-intl/dist/development/createFormatter-QqAaZwGD.js:258:20)
    at ProfitabilityClient (webpack-internal:///(app-pages-browser)/./src/app/[locale]/(dashboard)/dashboard/pnl/ProfitabilityClient.tsx:175:38)
    at renderWithHooks (webpack-internal:///(app-pages-browser)/./node_modules/next/dist/compiled/react-dom/cjs/react-dom.development.js:11121:18)
    at updateFunctionComponent (webpack-internal:///(app-pages-browser)/./node_modules/next/dist/compiled/react-dom/cjs/react-dom.development.js:16290:20)
    at beginWork$1 (webpack-internal:///(app-pages-browser)/./node_modules/next/dist/compiled/react-dom/cjs/react-dom.development.js:18472:16)
    at beginWork (webpack-internal:///(app-pages-browser)/./node_modules/next/dist/compiled/react-dom/cjs/react-dom.development.js:26927:14)
    at performUnitOfWork (webpack-internal:///(app-pages-browser)/./node_modules/next/dist/compiled/react-dom/cjs/react-dom.development.js:25748:12)
    at workLoopSync (webpack-internal:///(app-pages-browser)/./node_modules/next/dist/compiled/react-dom/cjs/react-dom.development.js:25464:5)
    at renderRootSync (webpack-internal:///(app-pages-browser)/./node_modules/next/dist/compiled/react-dom/cjs/react-dom.development.js:25419:7)
    at performSyncWorkOnRoot (webpack-internal:///(app-pages-browser)/./node_modules/next/dist/compiled/react-dom/cjs/react-dom.development.js:24887:20)
    at flushSyncWorkAcrossRoots_impl (webpack-internal:///(app-pages-browser)/./node_modules/next/dist/compiled/react-dom/cjs/react-dom.development.js:7758:13)
    at flushSyncWorkOnAllRoots (webpack-internal:///(app-pages-browser)/./node_modules/next/dist/compiled/react-dom/cjs/react-dom.development.js:7718:3)
    at processRootScheduleInMicrotask (webpack-internal:///(app-pages-browser)/./node_modules/next/dist/compiled/react-dom/cjs/react-dom.development.js:7863:3)
    at eval (webpack-internal:///(app-pages-browser)/./node_modules/next/dist/compiled/react-dom/cjs/react-dom.development.js:8034:7) @ webpack-internal:///(app-pages-browser)/./node_modules/next/dist/client/app-index.js:32
[  515380ms] [ERROR] IntlError: MISSING_MESSAGE: Could not resolve `dashboard.filters.lastUpdated` in messages for locale `fr`.
    at getFallbackFromErrorAndNotify (webpack-internal:///(app-pages-browser)/./node_modules/use-intl/dist/development/createFormatter-QqAaZwGD.js:159:19)
    at translateBaseFn (webpack-internal:///(app-pages-browser)/./node_modules/use-intl/dist/development/createFormatter-QqAaZwGD.js:184:14)
    at translateFn (webpack-internal:///(app-pages-browser)/./node_modules/use-intl/dist/development/createFormatter-QqAaZwGD.js:258:20)
    at ProfitabilityClient (webpack-internal:///(app-pages-browser)/./src/app/[locale]/(dashboard)/dashboard/pnl/ProfitabilityClient.tsx:175:38)
    at renderWithHooksAgain (webpack-internal:///(app-pages-browser)/./node_modules/next/dist/compiled/react-dom/cjs/react-dom.development.js:11272:16)
    at renderWithHooks (webpack-internal:///(app-pages-browser)/./node_modules/next/dist/compiled/react-dom/cjs/react-dom.development.js:11135:18)
    at updateFunctionComponent (webpack-internal:///(app-pages-browser)/./node_modules/next/dist/compiled/react-dom/cjs/react-dom.development.js:16290:20)
    at beginWork$1 (webpack-internal:///(app-pages-browser)/./node_modules/next/dist/compiled/react-dom/cjs/react-dom.development.js:18472:16)
    at beginWork (webpack-internal:///(app-pages-browser)/./node_modules/next/dist/compiled/react-dom/cjs/react-dom.development.js:26927:14)
    at performUnitOfWork (webpack-internal:///(app-pages-browser)/./node_modules/next/dist/compiled/react-dom/cjs/react-dom.development.js:25748:12)
    at workLoopSync (webpack-internal:///(app-pages-browser)/./node_modules/next/dist/compiled/react-dom/cjs/react-dom.development.js:25464:5)
    at renderRootSync (webpack-internal:///(app-pages-browser)/./node_modules/next/dist/compiled/react-dom/cjs/react-dom.development.js:25419:7)
    at performSyncWorkOnRoot (webpack-internal:///(app-pages-browser)/./node_modules/next/dist/compiled/react-dom/cjs/react-dom.development.js:24887:20)
    at flushSyncWorkAcrossRoots_impl (webpack-internal:///(app-pages-browser)/./node_modules/next/dist/compiled/react-dom/cjs/react-dom.development.js:7758:13)
    at flushSyncWorkOnAllRoots (webpack-internal:///(app-pages-browser)/./node_modules/next/dist/compiled/react-dom/cjs/react-dom.development.js:7718:3)
    at processRootScheduleInMicrotask (webpack-internal:///(app-pages-browser)/./node_modules/next/dist/compiled/react-dom/cjs/react-dom.development.js:7863:3)
    at eval (webpack-internal:///(app-pages-browser)/./node_modules/next/dist/compiled/react-dom/cjs/react-dom.development.js:8034:7) @ webpack-internal:///(app-pages-browser)/./node_modules/next/dist/client/app-index.js:32
